itemnumber,barcode,isbn,biblionumber,title,author,datelastseen
13826,,,13524,"Love's Labour's Lost",,2011-03-14
14102,,,13774,"The titfield thunderbolt","TRUMAN, MICHAEL",2011-03-14
14151,BL80591,,13817,"Sherlock Holmes: the mazarin stone; the cardboard box","DAVIS, JUNE WYNDHAM",2011-03-14
14206,BL80739,,13873,"King Kong","Laurentiis, Dino De",2011-03-14
14402,BL82050,,14062,"The Office: The Complete First Series; Disc1, Disc2","Atalla, Ash",2013-09-01
14706,BL82159,,14345,"Agatha Christie: Poirot Collection 2 (4 Disc)",,2013-05-19
15088,,,14700,Excalibur,"Boorman John",2011-03-14
15174,BL82011,,14784,Apocalypto,"Gibson Mel",2013-06-29
15177,BL82018,,14787,"Being Julia","Szabo Istvan",2013-09-18
15211,BL82109,,14821,"Rulling Class","Madoc Peter",2013-03-16
15260,,,14869,"The british Transport Films Collection Vol.3: Running A Railway(2 disc)",,2011-03-14
15264,BL82718,,14871,"Hot Fuzz(2 disc)","Wright Edgar",2013-01-10
15288,BL82265,,14894,"Chef - Series 1","Birkin John",2013-08-24
15340,BL82337,,14945,"Shakespeare - Hamlet","Bennett Rodney",2012-09-14
15344,,,14949,"Free Cinema",,2011-03-14
15355,BL82350,,14959,"My family","Dewi Humphreys",2013-03-12
15360,BL82353,,14964,"He knew he was right (2 Disc)","Tom Vaughan",2013-10-05
15415,BL82826,,15019,"Great Expectations (DVD)/Oliver Twist","Lean, David",2013-10-18
15422,BL82812,,15026,"Whisky Galore! (DVD)","Mackendrick, Alexander",2013-09-26
15442,BL82881,,15046,"Pride & Prejudice (DVD)","Wright, Joe",2013-09-03
15446,BL82402,,15050,"Magic School Bus, The - Kicks Up A Storm And 3 Other Episodes (DVD)",,2013-08-08
15470,BL82428,,15074,"Run, Fat Boy, Run (DVD)","Schwimmer, David",2012-06-10
15482,BL82441,,15086,"Spooks - Complete Season 6 (Boxset) (5 DVD)","Madha, Omar",2013-02-01
15527,BL82490,,15131,"Maeve Binchy - The Collection (2 DVD) : Echoes","Rennie, Barbara",2013-04-30
15567,BL82534,5014503217129,15171,"Hotel Babylon - Series 1 (Boxset) (3 DVD)","Whittington, Paul",2013-01-05
15570,BL82538,,15174,"Happy-Go-Lucky (dvd)","Leigh, Mike",2013-10-05
15585,,,15189,"The Cruel Sea (DVD)","Frend, Charles",2011-03-14
15588,BL82821,,15191,"Darling (DVD)","Schlesinger, John",2013-05-04
15616,BL82586,,15219,"Love Soup - Series 1","Johnson, Sandy",2013-05-18
15645,BL82615,,15247,"In This World (DVD)","Winterbottom, Michael",2013-02-15
15654,BL82624,,15256,"Spot - Goes To The Farm (DVD)",,2013-05-01
15667,,,15269,"The Crimson Pirate (DVD)","Siodmark, Robert",2011-03-14
15669,BL82638,,15270,"Carla's Song (DVD)","Loach, Ken",2013-09-25
15697,BL82670,,15299,"Vera Drake (DVD)","Leigh, Mike",2013-10-04
15699,BL82674,,15301,"The Queen (DVD)","Frears, Stephen",2013-06-16
15727,BL82701,,15329,"The Count of Monte-Cristo (DVD)","Greene, David",2013-09-26
15792,BL82811,,15394,"Madame Souzatska (DVD)","Schlesinger, John",2013-12-14
15793,BL82858,,15395,"Magnet, The (DVD)","Frend, Charles",2013-12-06
15794,,,15396,"Man In The White Suit, The (DVD)","MacKendrick, Alexander",2011-03-14
15818,BL82823,,15419,"Arabesque (680740) ( DVD )","Donen,Stanley",2013-02-02
15821,BL82818,,15422,"Black and White (697501)","Zeltser, Yuri",2013-10-03
15828,BL82875,,15429,"The Anniversary (690835) ( DVD )","Baker,Roy Ward",2013-09-26
15874,BL82958,,15474,2012,"Emmerich, Roland",2013-10-11
15882,BL82965,,15482,"Daylight Robbery","Leonti, Paris",2013-09-25
15883,BL82966,,15483,"Unmade Beds: Bright lights, Lost souls","Santos, Alexis Dos",2013-04-28
15891,BL82974,,15491,Zodiac,"Fincher, David",2013-05-25
15892,BL82975,,15492,Notorious,"Jr, George Tillman",2013-12-11
15905,BL82988,,15505,"Rescue Dawn","Herzog, Werner",2013-08-10
15948,BL83031,,15548,"Half Light","Rosenberg, Craig",2013-08-27
15967,BL83050,,15567,Syriana,"Gaghan, Stephen",2013-03-19
15968,BL83051,,15568,"P.S. I Love You","LaGravenese, Richard",2013-08-23
15972,,,15572,"Shrek The Third","Miller, Chris",2011-03-14
15975,BL83058,,15575,"There Will Be Blood","Anderson, Thomson Paul",2013-03-22
15978,BL83061,,15578,"Kung Fu Panda","Stevenson, John",2013-03-10
15985,BL83068,,15585,"P.S.I Love You","LaGravenese, Richard",2013-08-18
15996,BL83079,,15596,"The Devil Wears Prada","Frankel, David",2013-11-07
16016,BL82893,,15616,Sunshine,"Boyle, Danny",2013-12-14
16023,BL82900,5050630108831,15623,"Open Season","Allers, Roger",2013-03-02
16026,BL82903,7321901176582,15626,"The Dark Knight","Nolan, Christopher",2013-09-21
16038,BL82915,5060116724509,15638,"The Young Victoria","Marc Vallee, Jean",2013-01-20
16048,BL82925,5060116721362,15648,Igor,"Leondis, Tony",2013-05-25
16069,BL82946,5060052413697,15669,"3:10 to Yuma","Mangold, James",2013-07-20
199123,BL83140,,185751,"How to train your Dragon, 1 Disc",,2013-06-19
199136,,,15537,"In Bruges, 1 Disc","McDonagh, Martin",2011-04-19
240299,BL83183,,222529,"The Wolfman, 1 Disc",,2013-09-01
266492,BL83197,,246441,"Harry Brown, 1Disc",,2013-07-19
266510,BL83203,,246449,"Tormented,1Disc",,2013-08-03
266532,BL83206,,246457,"Defiance, 1 Disc",,2013-08-17
266647,BL83234,,246554,"Dont Look Now, 1 Disc",,2013-11-24
266714,BL83244,,246565,"Another Year, 1 Disc",,2013-10-04
266868,BL83276,,246619,"the social network, 2 Discs",,2013-10-01
271072,BL83292,,252201,"Avatar, 1 Disc",,2013-09-21
271133,BL83315,,252359,"Around The World In 80 Days, 2Discs",,2013-09-26
273005,BL83303,,252982,"Evelyn, 1 Disc",,2013-04-26
273186,BL83341,,253014,"Nanny McPhee & The Big Bang, 1 Disc",,2013-10-01
331052,BL83385,,307992,"Spooks 9, 5 Discs",,2013-08-08
331181,BL83406,,308056,"Beautiful Kate, 1 Disc",,2013-08-28
331560,BL83426,,308106,"In Search Of Beethoven, 2 Disc",,2013-10-05
331875,BL83449,,308427,"Qctopussy, 2 Discs",,2013-09-25
331968,BL83457,,308548,"Sixty Six, 1 Disc",,2013-09-22
332569,BL83370,,309118,"Bellman & True, 1 Disc",,2013-12-14
332827,BL83499,,309178,"My One And Only, 1 Disc",,2013-05-15
369805,BL83504,,341010,"The Jane Austen Book Club, 1 Disc",,2013-04-02
369815,BL83507,,341013,"The Last Mistress, 1 Disc",,2013-08-28
923833,BL83513,,406038,"Lassie, 1 Disc",,2013-04-05
924083,BL83533,,406084,"Enchanted,1 Disc",,2013-09-15
924097,BL83536,,406092,"Harry Potter And Prisoner Of Azkaban, 1 Disc",,2013-04-07
924269,BL83539,,406137,"Dinotopia, 2 Discs",,2013-09-29
964084,BL83548,,445064,"Raory the Racing Car, 1 Disc",,2013-11-10
964089,BL83553,,445069,"The Boy in the Striped Pyjamas, 1 Disc",,2013-10-23
964099,BL83551,,445071,"Scrooge, 1 Disc",,2013-09-25
964400,BL83562,,445092,"A Tales Of Two Cities, 1 Disc",,2013-09-25
964523,BL83574,,445109,"Cassandra's Dream, 1Disc",,2013-03-06
964627,BL83587,,445142,"After Life, 1 Disc",,2013-08-24
964729,BL83616,,445182,"It's All Gone Pete Tong, 1 Disc",,2013-12-15
964784,BL83630,,445193,"McLibel, 2 Discs",,2013-10-20
964804,BL83625,,445198,"Michael Collins, 1 Disc",,2013-09-25
964851,BL83632,,445202,"Breaking and Entering,1 Disc",,2013-09-14
964857,BL83645,,445203,"The Dark Knight, 1 Disc",,2013-10-01
964865,BL83627,,445208,"The Margaret Lockwood Collection - The Wicked Lady, Bank Holiday, 2 Discs",,2013-09-21
964923,BL83646,,445223,"Stardust, 1 Disc",,2013-10-15
964946,BL83653,,445241,"Becoming Jane, 1 Disc",,2013-07-27
964952,BL83655,,445244,"Braveheart, 1 Disc",,2013-07-06
964957,BL83670,,445247,"Highlander, 1 Disc",,2013-02-17
964964,BL83672,,445249,"The Queen, 1 Disc",,2013-11-08
965126,BL83686,,445282,"Incredible Hulk, 1 Disc",,2013-09-08
965209,BL83694,,445302,"Lady Chatterley's Lover, 1 Disc",,2013-05-09
965395,BL83719,,445355,"Murder By Death, 1 Disc",,2013-04-26
965480,BL83729,,445380,"Emma, 1 Disc",,2013-06-21
965616,BL83742,,445428,"Away We Go, 1 Disc",,2013-07-20
965635,,,445258,"Roman Mysteries - Series 1, 2 Discs",,2011-08-26
965808,BL83766,,445483,"Fifty Dead Men Walking, 1 Disc",,2013-04-21
965895,BL83781,,445856,"The Battle Of The Sexes, 1 Disc",,2013-08-23
966768,BL83790,,446728,"Sex And Drugs And Rock And Roll, 1 Disc",,2013-05-07
967061,BL83796,,446782,"Zodiac, 1 Disc",,2013-01-27
967856,BL83811,,446855,"Bedknobs and Broomsticks, 1 Disc",,2013-09-05
967873,BL83813,,446856,"Legend of the Guardians, 1 Disc",,2013-09-06
967916,BL83818,,446862,"Monster House, 1 Disc",,2013-05-25
967964,BL83824,,446868,"Bicentennial Man, 1 Disc",,2013-08-28
968070,BL83831,,446877,"Hellboy II - The Golden Army, 2 Discs",,2013-09-29
972964,BL83138,,185692,Avatar,,2013-05-24
978762,bl82033,,14230,"Scrubs(4 discs, 3rd series)","Bill Lawrence",2013-03-20
983272,BL83853,5050582531862,452466,"Postman Pat Clowns Around ",,2013-12-14
983487,BL83866,5014437888433,452499,"Dora The Explorer:Dora's Christmas, 1 Disc",,2012-04-18
983525,BL83870,5014437888433,452499,"Dora The Explorer:Dora's Christmas, 1 Disc",,2013-06-22
984707,BL83885,,452632,"Horrid Henry: Gets Rich Quick and other 5 adventures, 1 Disc",,2013-09-26
984806,BL83895,,452667,"Rushmore, 1 Disc",,2013-07-10
984815,BL83897,,452674,"Limitless, 1 Disc",,2013-10-10
984873,BL83908,,452702,"Dragonheart , 1 Disc",,2013-07-03
984875,BL83941,,452703,"Hotel Rwanda,1 Disc",,2013-12-15
984938,BL83959,,452716,"Chloe, 1 Disc",,2013-08-24
985190,BL83977,,452772,"Rock n Rolla, 1 Disc ",,2013-09-25
985536,BL84026,,452822,"United 93,1 Disc",,2013-03-28
985604,BL84057,,452845,"The World Is Not Enough, 2 Discs",,2013-09-25
985932,BL84074,,452965,"Barney:Let's go to the Fair, 1 Dis",,2013-09-27
985968," BL84077",,452981,"Tinker Bell And The Lost Treasure ,1 Disc",,2011-12-15
986087,BL84098,,453027,"Barney : Songs from the Park, 1 Disc",,2013-02-03
986107,BL84111,,453038,"Barney :Riff's Clubhouse,1 Disc",,2013-03-23
986223,BL84118,,453065,"Feast of July, 1 Disc",,2013-07-16
986566,BL84120,,453152,"Barney: Dino-mite Birthday, 1 Disc",,2013-12-05
986586,BL84124,,453157,"Noddy: Noddy and The New Taxi, 1 Disc",,2013-12-14
986599,BL84128,,453161,"Noddy:Hold On To Your Hat, 1 Disc",,2012-03-27
986742,BL84156,,453199,"Dora The Explorer :Super Silly Fiesta, 1 Disc",,2013-05-14
986744,BL84157,,453200,"Fireman Sam:Snow Business, 1 Disc",,2013-08-13
986752,BL84160,,453204,"Fifi And The Flowertots, 1 Disc",,2013-09-29
987396,BL84166,,453323,"Noddy:Catch A Falling Star,1 Disc",,2013-08-18
987451,BL84172,,453334,"Dora The Explorer: Egg Hunt, 1 Disc",,2013-05-11
987528,BL84175,,453346,"Noddy: Tricks, Treats, Mischief and Magic, 1 Disc",,2013-06-04
987542,BL84178,,453356,"Dora The Explorer:It's A Party, 1 Disc",,2013-06-22
987594,BL84185,,454060,"Noddy And The Treasure Map, 1 Disc",,2013-06-02
999825,,,459978,"Bird Bath:Happy Hatchday, Disc 1",,2012-04-03
999856,BL84209,,460024,"Antichrist, Disc 1",,2013-01-06
999859,"BL 84253",,460026,"Big, Disc 1",,2012-04-04
999868,BL84212,,460028,"Robin hood, Disc 1",,2013-09-21
999871,"BL 84254",,460029,"Oliver Twist, Disc 1",,2012-04-04
1000003,,,460074,"Absent - Minded Professor,Disc 1",,2012-04-04
1000027,BL84238,,460078,"One day, Disc 1",,2013-05-15
1000151,BL84273,,460103,"Lassie,Disc 1",,2013-02-06
1000185,BL84277,,460112,"Narnia,Disc 2",,2013-08-25
1000189,BL84290,,460116,"Sherlock Holmes And The Case Of The Silk Stocking ,Disc 1",,2013-10-01
1000226,BL84292,,460128,"Rise of the Planet of the Apes,Disc 1",,2013-02-06
1001023,bl84304,,460247,"RUPERT AND THE SNOWGLOBE/POSTMAN PAT'S MAGIC CHRISTMAS,Disc 2             ",,2013-09-29
1003222,BL84269,,240910,"Mr. Bean:Eight Eventful Ezcapades, 1 Disc",,2013-03-13
1024079,BL84370,,473827,"Christmas Carol, 1 Disc",,2012-11-30
1024312,BL84379,,473871,"How Not To Live Your Life - Series 1,2 Disc",,2013-08-25
1024346,BL84381,,473878,"Fantastic Four,2 Disc",,2013-07-25
1024527,BL84390,,473890,"THOMAS & FRIENDS COMPLETE SERIES 10, 1 Disc",,2013-11-24
1024735,BL84394,,473911,"Thomas And Friends - It's Great to be an Engine, Disc 1",,2013-06-19
1024743,BL84399,,473917,"THOMAS & FRIENDS THE COMPLETE SERIES 12 - SPECIAL EDITION DVD",,2013-05-11
1024745,BL84400,,473918,"Thomas And Friends - Christmas Express",,2013-12-03
1024758,BL84360,,473925,"THOMAS & FRIENDS - CARNIVAL CAPERS",,2013-08-11
1024829,BL84423,,473964,"BOB THE BUILDER SPEEDY SKIP BRAND, 1 Disc",,2013-03-02
1024836,BL84428,,473970,"Bob The Builder - Bob's White Christmas And Other Stories, 1 Disc",,2013-12-07
1024842,BL84433,,473975,"Bob The Builder - Radio Bob, 1 Disc",,2013-05-14
1024963,BL84544,,474000,"Wallace And Gromit : A Matter Of Loaf And Death, 1 Disc",,2013-12-14
1025343,BL84554,,474043," League of Gentlemen's Apocalypse,1 Disc",,2013-08-11
1025360,BL84556,,474048,"How Not To Live Your Life - Series 2, 2 Discs",,2013-07-06
1025484,BL84439,,474067,"Bob the builder Spud's bumper harvest, 1 Disc",,2013-06-05
1025530,BL84526,,474080,"Fantastic Four: Rise of the Silver Surfer, 1 Disc",,2013-05-30
1025548,BL84529,,474086,"Balamory - Dancing Party, Disc 1",,2013-06-22
1025573,BL84533,,474100,"Life and Death of Colonel Blimp, Disc 1",,2013-09-26
1025576,BL84447,,474101,"Fireman Sam - Fun Run, 1 Disc",,2013-06-05
1025693,BL84467,,474137,"Dora The Explorer - Super Silly Fiesta, 1 Disc",,2013-11-09
1025887,BL84588,,474187,"How Not To Live Your Life - Series 3, Disc 2",,2013-08-24
1025888,BL84589,,474188,"Wallace And Gromit - World Of Invention, Disc 1",,2013-07-27
1025981,BL84472,,474200,"Teletubbies 10 Happy Birthday, 1 Disc",,2013-05-11
1026486," BL84625",,475026,"Scrooge, 1 Disc",,2012-09-07
1026684,BL84492,,475049,"Noddy's Family Tree DVD, 1 Disc",,2013-05-14
1026703,,,475057,"Bobinogs - Sounds Sensational & Other Stories, 1 Disc",,2012-09-09
1026954,BL84646,,475211,"Terminator :Salvation,1 Disc",,2013-05-30
1026984,BL84649,,475223,"Kung Fu Panda, Disc 1",,2013-05-26
1026997,,,475221,"Angelina Ballerina, Disc 1",,2012-09-12
1027063,BL84663,,475248,"Thunder Birds, 1 Disc",,2013-06-15
1027458,BL84711,,475364,"X-Files - I Want To Believe, 2 Discs ",,2013-08-03
1028639,BL84719,,476285,"Libertine, 1 Disc",,2013-12-14
1028649,BL84723,,476293,"Top Gear - The Challenges Vol.4, 2 Discs",,2013-06-06
1028678,BL84731,,476318,"Third Man, 2 Disc",,2013-10-31
1029366,BL84759,,476521,"Topgear: Winter Olympics, 1 Disc ",,2013-04-19
1029370,BL84760,,476522,"Melancholia, 1 Disc",,2013-11-26
1029374,BL84752,,476524,"Nil By Mouth, 1 Disc",,2013-09-25
1029392,BL84765,,476540,"Survivors:Series- 3, 3 Discs  ",,2013-07-03
1029600,BL84774,,445364,"Cranford, 2 Discs",,2013-12-14
1029621,BL84777,,476567,"Sorry:Series- 1, 1 Disc",,2013-10-12
1030093,BL84785,,477736,"Judge John Deed - Series 5, 2 Discs",,2013-11-16
1030190," BL84790",,460203,"Go-Between - Julie Christie, Alan Bates,Disc 1",,2012-10-09
1030288,BL84802,,477798,"Perfect Spy, 3 Discs ",,2013-09-26
1030941,BL84825,,477930,"Colditz :The Complete Collection, 10 Discs",,2013-10-17
1036621,BL84895,,467488,"Cars 2 (DVD)",,2013-05-26
1036627,BL84899,,463959,"Chuggington - Action Stations (DVD)","Ball,Sarah",2013-10-09
1036660,BL84969,,464021,"Jeremy Clarkson - Top 100 Cars (DVD)",,2013-08-02
1036693,BL84956,,464013,"Incredible Human Journey (DVD)",,2013-09-25
1036727,BL84921,,26656,"The veteran","Forsyth Frederick",2013-08-03
1036835,BL84870,,474690,"Carnage ","Polanski,Roman",2013-09-14
1037668,BL84880,,474714,"Man on a Ledge","Leth,Asger",2013-01-06
1037761,BL84954,,479063,"Wallace and Gromit :A Grand Day Out, 1 Disc",,2013-02-16
1037950,BL84896,,51468,"Nine Months","Chris Columbus",2013-10-11
1037970,BL85040,,463977,"Cliff Richard - The Collection (DVD)",,2013-06-02
1037971,BL85041,,92064,"Cliff Richard - World Tour ",,2013-06-11
1037972,BL85042,,240114,"Cliff Richard Live in the Park : 20 of his all time greatest hits",,2013-05-23
1037979,BL85047,1405879351,408369,"Sense and sensibility ( cd rom processed)","Jane Austen",2013-09-25
1038302,BL84976,,463968,"Chuggington: Chug-A-Sonic! (DVD)","Ball,Sarah",2013-11-10
1038307,BL85054,,464062,"Wuthering Heights (TV 1998) (dvd)","Skynner,David",2013-09-25
1038322,BL84984,,142173,"The Office",,2013-12-05
1040040,BL84945,,463969,"Clarkson - Duel (DVD)","Klein,Brian",2013-07-25
1058981,BL85076,,491725,"Attack the Block 2 Disc.",,2013-08-29
1059011,DRA/MIS,,491732,"Miss Julie ,1Disc,Directed byMike Figgis Starring	 Saffron Burrows, Peter Mullan, Maria Doyle Kennedy, Heathcote Williams, Tom Dean Burn, Eileen Walsh, Sue Maund, Andrea Ollson, Sarah Li Gustafsson, Flora Bradwell",,2013-04-16
1059016,ANI/CHI,,491736,"Chicken Run,1Disc,Directed by Peter Lord, Nick ",,2013-04-16
1059058,BL85089,,491745,"Death at a Funeral ,1Disc,",,2013-12-10
1059118,BL85094,,491751,"Business.1 Disc.",,2013-09-14
1059266,807.27,,491766,"West Is West,1Disc,Distrubuted by	 Andy DeEmmony starring	 Aqib Khan, Om Puri, Linda Bassett, Robert Pugh, Thomas Russell, Jimi Mistry, Vanessa Hehir, John Branwell, Yograj Singh, Vijay Raaz, Karamjit Anmol, Sanjeev Attari",,2013-04-17
1059292,BL85114,,491771,"Flushed Away ,1Disc,",,2013-06-08
1059383,BL85134,,491791,"Andrew Marr's History of the World, 3 Discs ,",,2013-09-21
1059386,BL85136,,491792,"Concert for George (Blue Ray),2Discs ,",,2013-04-17
1059390,BL85135,,491793,"Africa,3Discs,",,2013-07-23
1059446,BL85141,,491800,"Deep Blue Sea,1Disc,",,2013-04-18
1059469,,,491820,"Tyrannosaur,1 Disc,Directed by  Paddy Considine 	 Peter Mullan, Olivia Colman, Eddie Marsan, Paul Popplewell, Ned Dennehy, Samuel Bottomley, Sally Carman, Sian Breckin, Paul Conway, Lee Rufford",,2013-04-18
1059532,BL85157,,491828,"Guard,1 Disc, ",,2013-08-17
1059610,,,491840,"Sherlock: Series 1.2 Discs ,Directsd by Poul Mc Guigan Starring 	 Benedict Cumberbatch, Martin Freeman, Rupert Graves, Una Stubbs, Zoe Telford, Louise Brealey, Vinette Robinson, Mark Gatiss",,2013-04-18
1059631,BL85171,,491843,"Frozen Planet,3Discs,",,2013-04-18
1059747,BL85176,,491855,"Tinker Tailor Soldier Spy,1Disc,",,2013-08-10
1059807,BL85179,,491867,"Shaun the Sheep ,1discs,.",,2013-04-20
1059815,BL85180,,491871,"Shaun the Sheep: Off the Baa!,1 Disc,",,2013-04-20
1059822,BL85181,,491872,"Arthur Christmas,1Disc,",,2013-04-20
1059827,BL85186,,491877,"It's a Free World,1Disc,",,2013-09-20
1059843,BL85193,,491884,"Harry Potter:The Order  Of The Phoenix/Half BloodPrince,2 Disc,",,2013-08-21
1060380,BL85199,,491972,"4.3.2.1 ,1Disc,DirecterNoel Clarke, Mark Davis Starring	 Emma Roberts, Noel Clarke, Tamsin Egerton, Ophelia Lovibond, Shanika Warren-Markland, Mandy Patinkin, Helen McCrory, Michelle Ryan, Ben Drew, Eve, Adam Deacon, Linzey Cocker",,2013-05-04
1078920,BL85148,,460076,"Tyrannosaur,Disc 1",,2013-08-11
1081353,bl85133,,492914,"Around The World in 80 Treasures",,2013-08-25
1100396,bl85072,,474723,"Prometheus ","Scott,Ridley",2013-12-10
1100671,bl85297,,510840,"The World of Lee Evans (dvd)","""Evans,Lee""",2013-12-11
1101174,,,251963,"Anita and Me (DVD)",,2013-12-15
