itemnumber,barcode,isbn,biblionumber,title,author,datelastseen
13764,BL82105,,13463,"My Fair Lady(2 Disc)","Viewership Level Universal",2014-02-01
13793,BL80074,,13494,"Raining Stones",,2012-02-14
14116,BL82531,,13784,"The adventures of black beauty: Series one","COLE, SIDNEY",2014-01-22
14141,BL82051,,13807,"Middle March (2 Discs)","MARKS, LOUIS",2014-02-02
14411,BL82254,5014503148522,14071,"Wildlife Special: Tiger","Birkhead, Mike",2014-02-02
14430,BL82268,5039036003049,14089,"Thin Red Line","Geisler, Robert Michael",2014-01-25
14484,BL81207,,14142,"The Penguins' Story",,2013-12-18
14556,BL81308,,14215,"North & South (2 DVD)","Percival,Brain",2011-03-14
14606,BL81367,,14261,"To The Manor Born (2 Disc)  ","Rawnsley, Ian",2012-05-09
14643,BL82057,,14295,"Annie Get Your Gun","George Sidney",2014-02-02
14658,BL82042,,14307,"Coming To America","John Landis",2014-01-31
14676,BL82043,,14322,"Mutiny On The Bounty, 1 Disc ","Frank Lloyd",2014-02-02
14689,BL82120,,14334,"The Godfather","Francis Ford Coppola",2014-01-29
14693,BL82183,,14336,"Dinnerladies - Series 1","Geoff Posner",2014-02-01
14787,BL82195,,14427,"The Foreigner","Michael Oblowitz",2014-01-16
14806,BL82103,,14442,Concorde,"Robert Garofalo",2014-01-22
14812,BL82072,,14447,"Cats And Dogs","Bruno Corbucci",2014-01-02
14823,BL81586,,14456,"Alien vs Predator","Dean Semler",2014-01-10
14864,BL82112,,14495,"Walking With Dinosaurs. Disc 1, Disc 2","HAINES, TIM",2014-01-12
14881,BL82153,,14509,"Battle Of The Bulge","Ken Annakin",2014-01-28
14889,BL81667,,14517,"The Bachelor","Gary Sinyor",2014-01-10
14905,BL81694,,14532,"3 Ninjas Kick Back","Charles T. Kanganis",2014-02-02
15069,BL82326,,14682,"84 Charing Cross Road","Jones David Hugh",2014-01-07
15118,BL81926,,14729,"Pirates of Treasure Island","Scott Leigh",2014-01-10
15163,BL82000,,14773,"In My Father's Den","McGann Brad",2014-01-05
15170,BL82007,,14780,"The good Shepherd","De Niro Robert",2014-01-25
15175,BL82013,,14785,"The end of the Affair","Jordan Neil",2013-09-12
15191,BL82067,,14801,"Under Suspicion","Hopkins Stephen",2013-01-30
15195,BL82075,,14805,"Bell book and candle","Quine Richard",2014-01-28
15198,BL82087,5014138601102,14808,"Fiffis Frosty Morning",,2014-02-02
15222,BL82126,,14832,"Ocean's Eleven+Ocean's Twelve (2 disc)","Soderbergh Steven",2014-01-19
15228,BL82135,,14837,Network,"Lumet Sidney",2014-02-01
15229,BL82136,,14838,"Mrs Miniver","Wyler William",2014-02-02
15230,BL82138,,14839,"They Call Me Trinity/ Trinity Is Still My Name","Clucher E.B.",2014-01-29
15240,BL82177,,14849,"The goonies","Donner Richard",2013-06-30
15242,BL82187,,14851,"The wedding singer","Coraci Frank",2014-01-31
15245,BL82192,,14854,Scareface,"Hawks Howard",2014-01-05
15250,BL82210,,14859,"Wow vicky's weight off workout",,2014-01-17
15254,BL82217,,14863,"The Jane Austen Collection:Pride and Prejudice(2 disc)","Langton Simon",2014-02-01
15267,BL82233,,14874,"The Descent","Marshall Neil",2012-06-10
15272,BL82241,,14879,"The Adventures of Prince Achmed","Reiniger Lotte",2014-01-25
15276,BL82245,,14883,"Robin Hood Vol.3","McKay John,Standeven Richard",2014-01-02
15280,BL82249,,14887,"i capture the castle","Tim Fywell",2014-02-02
15283,BL82452,,14889,"Oliver Twist(2 disc)","Renny Rye",2014-01-30
15292,BL82270,,14898,"The Body In The Library","Wilson Andy",2014-01-31
15293,BL82271,,14899,"Bridge to english -Fairy Tale learning Part 3",,2014-02-02
15296,BL82274,,14902,"Dungeons and Dragons Vol. 4",,2014-02-01
15302,BL82311,,14907,"Detectives series 5(2 disc)",,2013-07-14
15308,BL82294,,14913,"Twelve o'clock high","King Henry",2014-01-18
15310,BL82296,,14915,"Shakespeare - A Critical Guide - Romeo And Juliet/Hamlet",,2014-01-05
15318,BL82306,,14923,"Blind flight","Furse John",2014-01-31
15321,BL82309,,14926,Millions,"Boyle Danny",2014-01-25
15327,BL82318,,14932,"It ain't half hot mum series 2","Bishop Phil",2014-01-17
15328,BL82319,,14933,"It ain't half hot mum series 4","Bishop Phil",2014-01-25
15339,BL82335,,14944,"Inside i'm Dancing","O'Donnell Damien",2014-01-30
15348,BL82015,,14952,"Attenborough in paradise and other personal voyages","Attenborough David",2014-01-16
15350,BL82343,,14954,"The warrior","Sung-su Kim",2013-03-09
15353,BL82345,,14957,"My family and other animals (2 Disc)","Peter Barber-Fleming",2014-01-29
15354,BL82347,,14958,"Love thy neighbour","John Robins",2014-02-01
15364,BL82359,,14968,"Spaced(3 disc)","Edgar Wright",2013-12-29
15367,BL82856,,14971,"The Remains of the Day (DVD)","Ivory, James",2014-01-22
15376,BL82361,,14980,"Born and bred Series 1(14 discs)","Edwards David Innes",2014-01-16
15389,BL82374,,14993,"Learn to play the piano and keyboard: a step-by-step guide",Parragon,2014-01-21
15392,BL82378,,14996,"You Rang M'Lord Series 3(2 disc)","Croft David",2014-01-30
15399,BL82386,,15003,"The benny hill annual 1976","Robins John",2014-01-16
15413,BL82880,,15017,"Atonement (DVD)","Wright, Joe",2014-01-19
15416,BL82819,,15020,"Kind Hearts and Coronets (DVD)","Hamer, Robert",2014-01-24
15420,BL82784,,15024,"The Long Good Friday (DVD)","Mackenzie, John",2014-01-23
15428,BL82810,,15032,"Blow Up (DVD)","Antonioni, Michaelangelo",2014-01-05
15431,BL82790,,15035,"Goodbye, Mr Chips (DVD)","Wood, Sam",2014-01-28
15437,BL82882,,15041,"The other Boleyn girl (DVD)","Chadwick, Justin",2014-01-03
15448,BL82404,,15052,"Magic School Bus, The - In The Haunted House And 3 Other Episodes (DVD)",,2014-01-05
15453,BL82410,5060002833551,15058,"Enduring Love (DVD)","Michell, Roger",2013-12-15
15484,BL82443,,15088,"Cranford (2 DVD)","Curtis, Simon",2014-01-30
15487,BL82446,,15091,"Magic Roundabout - The Greatest Show On Earth (DVD)","Ralph, Graham",2014-02-02
15504,BL82465,,15108,"Chicago (2 disc)","Rob Marshall",2014-01-11
15515,BL82477,,15119,"Campion - The Complete Series (Boxset) (4 DVD)",,2014-01-29
15520,BL82481,,15124,"Complete History Of Concorde, The (2 DVD)",,2014-01-29
15538,BL82501,,15142,"My Beautiful Laundrette (DVD)","Frears, Stephen",2014-01-30
15553,BL82517,,15157,"Waterland (DVD)","Gyllenhaal, Stephen",2014-01-29
15556,BL82520,,15160,"The Remains of the Day (DVD)","Ivory, James",2013-12-22
15561,BL82526,,15165,"The Baker,  (DVD)","Lewis, Gareth",2014-01-25
15562,BL82527,,15166,"Ladies Who Do, 1 Disc","Pennington-Richards, C.M.",2014-01-12
15564,BL82529,,15168,"Bloody Sunday (DVD)","Greengrass, Paul",2014-01-25
15565,BL82532,,15169,"Local Hero (DVD)","Forsyth, Bill",2014-01-24
15574,BL82543,,15178,"Local Hero (DVD)","Forsyth, Bill",2014-02-02
15581,BL82550,,15185,"Whisky Galore! (DVD)","Mackendrick, Alexander",2014-02-02
15589,BL82558,,15192,"Guarding the Queen (DVD)","Mitchell, Chris",2014-01-12
15598,BL82568,,15201,"Magic School Bus,The - All Dried Up And 3 Other Episodes (DVD)",,2014-01-18
15603,BL82573,,15206,"St.Trinian's [2007] (DVD)","Parker, Oliver",2014-01-19
15623,BL82593,,15226,"Top Gear - The Great Adventures (2 DVD) :Polar Special",,2013-12-27
15630,BL82600,,15233,"The Gentle Touch","Gascoine Jill",2014-02-01
15632,BL82088,,15235,"Sixth Happiness","Hussein Waris",2013-12-22
15635,BL82603,,15237,"Shoe People, The (DVD)","Driscoll, James",2014-01-19
15636,BL82604,,15238,"The Hitchhiker's Guide to the Galaxy","BELL J W ALLAN",2014-01-12
15637,BL82607,,15239,"Mindscape Of Alan Moore, The (DVD)","Vylenz, Dez",2013-12-14
15639,BL82609,,15241,"Death on the Nile (DVD)","Guillermin, John",2014-01-03
15652,BL82622,,15254,"Wind In The Willows - Summer (DVD)",,2014-02-02
15655,BL82625,,15257,"The Battleships (DVD)","McAuley, Rob",2014-01-12
15656,BL82626,,15258,"Diamonds Are Forever (2 Disc)","Guy Hamilton",2014-01-11
15661,BL82631,,15263,"Wondrous Oblivion (DVD)","Morrison, Paul",2013-12-31
15662,BL82632,,15264,"Dark Blue World (Tmavomodry svet) (DVD)","Sverak, Jan",2014-01-28
15663,BL82633,,15265,"The Closer You Get (DVD)","Ritchie, Aileen",2014-01-22
15670,BL82639,,15271,"The Deadly Afffair (DVD)","Lumet, Sidney",2013-12-28
15671,BL82640,,15272,"Millions (DVD)","Boyle, Danny",2014-01-16
15676,BL82645,,15277,"Being Julia (DVD)","Szabo, Istvan",2014-01-11
15687,BL82658,,15289,"The Cook, the Thief, His Wife & Her Lover (DVD)","Greenaway, Peter",2014-01-11
15704,BL82678,,15306,"The Debt Collector (DVD)","Neilson, Anthony",2014-02-01
15712,BL82685,,15314,"The Cement Garden (DVD)","Birkin, Andrew",2013-05-31
15717,BL82690,,15319,"Stage Beauty (DVD)","Eyre, Richard",2014-01-19
15718,BL82691,,15320,"Cromwell (DVD)","Hughes, Ken",2014-01-16
15719,BL82692,,15321,"Confessions of a Dangerous Mind (DVD)","Clooney, George",2014-01-23
15723,BL82697,,15325,"Classic Albums - John Lennon, Plastic Ono Band (DVD)",,2013-12-08
15725,BL82699,,15327,"Defence of the Realm (DVD)","Drury, David",2014-02-02
15730,BL82705,,15332,"Ae Fond Kissà. (DVD)","Loach, Ken",2014-02-02
15733,BL82708,,15335,"The Navigators (DVD)","Loach, Ken",2013-03-09
15737,BL82715,,15339,"Cassandra's Dream (dvd)","Allen, Woody",2014-02-02
15740,BL82720,,15342,"A Fish called wanda (DVD)","Crichton, Charles",2014-01-09
15756,BL82750,,15358,"Charlie wilson's war","Nichols, Mike",2013-11-29
15757,BL82751,,15359,"Henry V","Olivier, Laurence",2014-01-16
15782,BL82786,,15384,"Frenzy (DVD)","Hitchcock, Alfred",2014-01-28
15784,BL82878,,15386,"HMS The Defiant (Widescreen) (DVD)","Gilbert, Lewis",2014-01-31
15787,BL82832,,15389,"In The Name Of The Father (DVD)","Sheridan, Jim",2014-01-10
15789,BL82799,,15391,"Jamaica Inn (DVD)","Hitchcock, Alfred",2014-01-25
15809,BL82787,,15410,"Thirty Nine Steps (Special Edition) (DVD)","Hitchcock, Alfred",2014-01-19
15810,BL82841,,15411,"Topsy Turvy (DVD) (Widescreen)","Leigh, Mike",2013-12-28
15813,BL82835,,15414,"Aces High ( DVD )","Gold,Jack",2014-01-12
15815,BL82844,,15416,"After the Fox ( DVD )","Sica,Vittorio De",2014-01-18
15819,BL82863,,15420,"Beautiful Thing ( DVD )","Macdonald,Hettie",2014-01-12
15820,BL82848,,15421,"Becket ( DVD )","Glenville,Peter",2014-01-18
15822,BL82800,,15423,"Mamma Mia! ( DVD )","Lloyd,Phyllida",2013-07-27
15827,BL82791,,15428,"The African Queen (1 Disc) (652215)","Huston,John",2014-01-28
15833,BL82843,,15434,"The Blue Max (DVD) (673779)","Guillermin,John",2014-01-10
15834,BL82831,,15435,"The Boxer (DVD) ( 652396 )","Sheridan, Jim",2014-01-24
15835,BL82822,,15436,"The Wings of the Dove ( DVD )","Softley,Ian",2014-01-28
15836,BL82514,,15437,"Chinese Detective, The - Series 1&2 (Boxset) (5 DVD)",,2014-01-18
15838,BL82090,5017188885867,15439,IRIS,"Dench Judi",2014-01-25
15843,BL82257,,15444,"The world of henry orient","Sellers, Peter",2014-01-17
15847,BL82798,,15448,"Cold Mountain/The English Patient(2 DVDs)","Minghella Anthony",2014-01-16
15850,BL82885,,15450,"The life and death of Colonel Blimp/A Matter of life and death(2 disc)","Powell Micheal",2014-01-19
15851,BL82793,,15451,"Above US The Waves","Thomas Ralph",2014-01-31
15862,BL82886,,15462,"England's world cup magic","Dan Almond",2014-01-22
15863,BL82888,,15463,"England's 100 Greatest goals","Jebb Boothby",2014-02-02
15865,BL82890,,15465,"FIFA FEVER--Volume-II",,2014-01-19
15866,BL82891,,15466,"FIFA FEVER--Volume-I",,2013-12-31
15870,BL82954,,15470,"Bright Star","Campion, Jane",2014-02-02
15876,BL82960,,15476,"Cracks: Eva green","Scott, Jordan",2014-01-28
15886,BL82969,,15486,"An Education","Scherfig, Lone",2014-01-11
15887,BL82970,,15487,"Harry Brown","Barder, Daniel",2014-01-24
15889,BL82972,,15489,"the persuit of happyness: inspired by a true story","Muccino, Gabriele",2013-10-27
15897,BL82980,,15497,"Tom Cruise Valkyrie","Singer, Bryan",2014-01-02
15901,BL82984,,15501,"Imagine me & you","Parker, Ol",2014-01-19
15902,BL82985,,15502,"Angels & Demons","Howard, Ron",2014-01-17
15904,BL82987,,15504,"Wallace & Gromit","Park, Nick",2014-01-12
15906,BL82989,,15506,"Rise Of The Footsoldier","Gilbey, Julian",2014-01-25
15907,BL82990,,15507,Stuck,"Gordon, Stuart",2014-01-09
15908,BL82991,,15508,"Miami Vice","Mann, Michael",2014-01-30
15911,BL82994,,15511,Sleuth,"Branagh, Kenneth",2014-02-02
15912,BL83142,,15512,"Fish Tank, 1 Disc","Arnold, Andrea",2014-01-11
15913,BL82996,,15513,"The Hangover","Phillips, Todd",2014-01-19
15916,BL82999,,15516,"The Water Horse: Legend of the deep","Russel, Jay",2014-01-21
15921,BL83004,,15521,"United 93","Greengrass, Paul",2013-12-26
15927,BL83010,,15527,Atonement,"Wright, Joe",2014-01-23
15931,BL83014,,15531,Hostage,"Siri, Florent",2014-01-29
15935,BL83018,,15535,"Charlie and the Chocolate Factory","Burton, Tim",2014-01-18
15937,BL83020,,15537,"In Bruges, 1 Disc","McDonagh, Martin",2014-01-09
15938,BL83021,,15538,"The Other Boleyn Girl","Chadwick, Justin",2014-01-19
15940,BL83023,,15540,"Nanny McPhee","Jones, Kirk",2014-01-12
15950,BL83033,,15550,"Million Dollar Baby","Eastwood, Clint",2013-12-28
15953,BL83036,,15553,Defiance,"Zwick, Edward",2014-01-29
15957,BL83040,,15557,Coraline,"Selick, Henry",2013-12-01
15961,BL83044,,15561,"Get Smart","Segal, Peter",2014-01-05
15962,BL83045,,15562,Babel,"Gonzalez Inarritu, Alejandro",2014-02-02
15964,BL83047,,15564,Severance,"Smith, Christopher",2014-01-05
15970,BL83053,,15570,"Flushed Away","Bowers, david",2014-01-25
15974,BL83057,,15574,"The Secret of Moonacre","Csupo, Gabor",2013-11-09
15983,BL83066,,15583,"Lucky Number Slevin","McGuigan, Paul",2014-01-30
15991,BL83074,5039036029766,15591,"The History Boys","Hytner, Nicholas",2013-12-26
15995,BL83078,,15595,"then she found me","Hunt, Helen",2014-01-12
15998,BL83081,,15598,"Son Of Rambow","Jennings, Garth",2014-01-30
16000,BL83083,,15600,Doomsday,"Marshall, Neil",2013-05-04
16002,BL83086,,15602,Duchess,"Dabb, Saul",2014-01-18
16003,BL83087,,15603,"A Cock And Bull story","Winterbottom, Michael",2014-01-16
16004,BL83088,,15604,"Batman Begins","Nolan, Christopher",2013-10-27
16005,BL83089,5050582482416,15605,"the Holiday","Meyers, Nancy",2014-01-05
16006,BL83090,,15606,"Indiana Jones","Spielberg, Steven",2014-01-19
16012,BL83096,5014437943040,15612,"Iron man","Favreau, Jon",2014-01-29
16013,BL83097,,15613,"a good year","Scott, Ridley",2014-01-16
16014,BL83098,,15614,Stardust,"Vaughn, Matthew",2014-01-19
16018,BL82895,5050582556063,15618,Wanted,"Timur Bekmambetov",2014-02-02
16020,BL82897,5050630495436,15620,Spiderman,"Raimi, Sam",2013-12-31
16031,BL83022,5050582419870,15631,"The Constant Gardener","Caine, Jeffrey",2014-02-01
16035,BL82912,5050582508307,15635,"Bourne Ultimatum","Greengrass, Paul",2013-09-10
16036,BL82913,5039036038508,15636,Vegas,"Vaghan, Tom",2014-02-01
16037,BL82914,5039036026796,15637,Stay,"Forster, Marc",2014-01-30
16040,BL82917,5051892004275,15640,"Gran Torino","Eastwood, Clint",2014-01-15
16044,BL82921,5014437953544,15644,"Spiderwick Chronicles","Waters, Mark",2014-01-22
16046,BL82923,5050630893034,15646,21,"Luketic, Robert",2014-01-18
16047,BL82924,5050582604702,15647,"The Tale of Despereaux","Fell, Sam",2014-01-12
16050,BL82927,5060002835135,15650,"The Queen","Frears, Stephen",2014-01-08
16051,BL82928,5050582535112,15651,"American Gangster","Scott, Ridley",2014-01-02
16053,BL82930,5050582550481,15653,"Charlie Wilson's War","Nicholas, Mike",2014-02-01
16059,BL82936,5060116722000,15659,"The Illusionist","Burger, Neil",2013-11-17
16064,BL82941,7321901139358,15664,TMNT,"Munroe, Kevin",2013-12-06
16075,BL82952,5017239141188,15675,"The departed","Scorese, Martin",2013-09-19
16078,BL83101,5050630522637,15678,"Reign Over me","Binder, Mike",2013-12-24
16084,BL83107,5050582698800,15684,Duplicity,"Gilroy, Tony",2014-01-16
16086,BL83109,5050630094431,15686,"The International, 1 Disc","Tykwer, Tom",2014-01-24
16088,BL83111,5017239140778,15688,"Wedding Crashers","Dobkin, David",2014-02-01
165752,BL83118,,154070,"The Flying Scotsman",,2014-01-19
197771,BL83119,,185616,"Inglourious Basterds",,2014-01-24
197773,BL83121,,185618,"My lastfive Girlfriends, 1Disc",,2014-01-04
197775,BL83123,5060082513206,185619,"Dr Terror's House of Horror",,2014-01-25
197776,BL83124,,185620,Hannibal,,2013-09-10
197777,BL83131,,185621,"White Lightning",,2014-02-02
197791,BL83133,,185626,"Coraline, 2 Discs",,2014-01-15
197848,BL83137,,15558,"District 9","Blomkamp, Neill",2014-01-23
197852,BL83139,,185696,Exam,,2014-01-05
199128,BL83143,,185754,"Up in the air",,2014-01-05
199135,BL83149,,185756,"The Uninvited, 1 Disc",,2013-02-19
199142,BL83154,,185760,"The Invention of Lying, 1Disc",,2014-01-05
199148,BL83157,,185764,"The lovely Bones, 1 Disc",,2014-01-11
199161,BL83158,,185766,"The Gorgon, 1 Disc",,2013-10-31
199188,BL83161,,185838,"Dunkirk, 1Disc",,2014-02-02
199192,BL83163,,185839,Nativity,,2014-01-25
199195,BL83166,,185842,Robinhood,,2014-01-07
199196,BL83167,,185844,"State of play",,2014-01-23
240212,BL83173,,222513,"Alice in Wonderland, 1Disc",,2014-01-05
240214,BL83174,,222514,"Monsters vs Aliens, 1Disc",,2013-12-26
240218,BL83175,,222515,"Lipstick on your collar",,2014-02-01
240224,BL83177,,222518,"Dean Spanley",,2014-01-09
240288,BL83182,,222526,"The boys are back",,2014-01-11
240314,BL83186,,222534,"Indian Summer, 1 Disc",,2014-01-19
240316,BL83185,,222536,"Shelter, 1 Disc",,2014-01-30
240317,BL83180,,222537,"The two faces of Dr.Jekyll, 1 Disc",,2014-02-02
240360,BL83135,,15486,"An Education","Scherfig, Lone",2014-01-28
240361,BL83190,,15486,"An Education","Scherfig, Lone",2014-02-01
266466,BL83193,,246437,"The Honeymooners,1Disc",,2014-01-25
266474,BL83194,,246438,"Everybody's fine, 1Disc",,2014-01-18
266480,BL83195,,246439,"Amazing Grace,1Disc",,2014-01-17
266498,BL83162,,246446,"The Duchess",,2014-01-12
266499,BL83202,,246447,"Anvil, 1 Disc",,2013-03-03
266520,BL83204,,246450,"Extraordinary Measures. 1Disc",,2013-12-31
266550,BL83208,,246461,"New Town Killers, 1 Disc",,2014-01-11
266555,BL83210,,246463,"The Hide, 1 Disc",,2014-01-11
266573,BL83213,,246466,"The Hours, 1Disc",,2014-01-28
266597,BL83216,,246469,"How To Rob A Bank, 1 Disc",,2014-01-29
266602,BL83217,,246470,"Creation, 1 Disc",,2014-01-19
266608,BL83218,,246471,"How to lose friends & alienate people, 1 Disc",,2014-01-12
266613,BL83222,,246474,"Crazy Heart,1Disc",,2014-01-28
266621,BL83225,,246478,"Unthinkable, 1 Disc",,2014-01-05
266631,BL83227,,246547,"Electric Dreams, 1 Disc",,2014-01-17
266635,BL83229,,246549,"Doctor Parnassus, 1 Disc",,2014-01-16
266640,BL83232,,246552,"The Last Station, 1 Disc",,2014-01-18
266642,BL83233,,246553,"Good, 1 Disc",,2014-01-28
266650,BL83235,,246555,"Far North, 1 Disc",,2014-01-22
266661,BL83236,,246557,"Dead of Night, 1 Disc",,2014-01-18
266671,BL83238,,246559,"The Disappeared, 1 Disc",,2014-02-02
266675,BL83239,,246560,"The Ship That Died of Shame, 1 Disc",,2013-12-26
266709,BL83243,,246564,"Salt, 1 Disc",,2014-01-16
266717,BL83245,,246566,"The Ugly Truth, 1 Disc",,2014-01-12
266719,BL83246,,246567,"Burke & Hare, 1 Disc",,2014-01-25
266744,BL83248,,246571,"InkHeart, 1 Disc",,2014-01-24
266752,BL83250,,246574,"Planet 51, 1Disc",,2014-01-18
266758,BL83251,,246579,"Before the Devil Knows You're Dead, 1 Disc",,2014-01-23
266762,BL83252,,246581,"What Happens in Vegas, 2 Discs",,2014-01-12
266769,BL83254,,246583,"The Holiday, 1 DIsc",,2014-02-02
266797,BL83255,,246589,"Get Him to the Greek, 2 Discs",,2014-01-29
266809,BL83256,,246594,"The Haunting, 1Disc",,2014-01-07
266811,BL83257,,246595,"AstroBoy, 1 Disc",,2014-01-25
266812,BL83258,,246596,"Dancing at Lughnasa, 1Disc",,2014-01-21
266837,BL83262,,246601,"Evil Under The Sun, 1 Disc",,2013-12-28
266839,BL83263,,246602,"The Christmas Twins, 1 Disc",,2014-01-04
266850,BL83267,,246607,"Skellig, 1 Disc",,2014-01-19
266864,BL83270,,246615,"The Cry of the Owl, 1 Disc",,2014-01-11
266865,BL83273,,246616,"Edward II, 1 Disc",,2014-01-30
266867,BL83275,,246618,"Face, 1 Disc",,2014-02-02
266869,BL83277,,246620,"The Soloist, 1 Disc",,2014-01-24
266871,BL83278,,246621,"Looking For Eric, 2 Discs",,2014-01-10
266873,BL83281,,246624,"4.3.2.1, 1 Disc",,2014-01-30
266875,BL83283,,246626,"UP, 1 Disc",,2014-01-05
267687,BL83230,,246550,"Cherry Tree Lane, 1 Disc",,2014-01-21
267826,BL82019,,247232,"Harry Potter and the Philosopher's Stone",,2014-02-01
270761,BL83147,,250837,"District 9, 1 Disc",,2014-01-15
270940,bl82239,,250846,"Pride and Prejudice, 2Discs",,2014-01-15
271044,BL83287,,251860,"The Weather Man, 1 Disc",,2014-01-07
271046,BL83289,,251862,"The Pink Panther Strikes Again, 1 Disc",,2014-02-02
271047,BL83290,,251863,"P.S. I Love You, 1 Disc",,2014-01-25
271089,BL83279,,246622,"History of Modern Britain, 2 Discs",,2014-01-19
271093,BL83310,,252352,"Raiders Of The Lostark, 1Disc",,2013-09-19
271096,BL83311,,252354,"The Count Of Monte-Cristo, 1Disc",,2014-01-11
271104,BL83312,5014503160821,252356,"The Ascent Of Man, 4 Discs",,2014-01-23
271124,BL83313,,252357,"Nowhere Boy, 1 Disc",,2014-01-25
271126,BL83314,,252358,"Quntum Of Solace, 2 Discs",,2014-02-01
271137,bl83300,,252363,"The Unloved, 1 Disc",,2014-02-02
272124,BL83317,,252838,"Private's Progress, 1 Disc",,2013-12-27
272964,BL83319,,252978,"Invictus, 1 Disc",,2014-01-18
272984,BL83320,,252979,"Jurassic Park, 1 Disc",,2013-01-12
272999,BL83321,,252980,"Full Metal Jacket, 1 Disc",,2013-07-26
273004,BL83322,,252981,"Die Hard With A Vengeance, 2 Discs ",,2013-05-04
273006,BL83304,,252984,"Enigma, 1 Disc",,2014-01-28
273014,BL83305,,252986,"The Boat That Rocked, 1 Disc",,2014-01-29
273016,BL83324,,252985,"The Infidel, 1 Disc",,2014-02-02
273022,BL83325,,252987,"Body Of Lies, 1 Disc",,2014-01-12
273041,BL83328,,252991,"Alfred Hitchcock, 7 Discs",,2013-12-29
273073,BL83307,,252993,"The Men Who Stare At Goats, 1 Disc",,2014-01-05
273074,BL83329,,252992,"Outnumbered, 5 Discs",,2014-01-30
273096,BL83331,,252995,"The Living Planet, 4 Discs",,2013-03-09
273127,BL83334,,253000,"Life In The Freezer, 1 Disc",,2014-01-29
273135,BL83335,,253001,"The Private Life Of Plants, 2 Discs",,2014-02-02
273152,BL83348,,253003,"The Life of Birds, 3 Discs",,2013-12-07
273159,BL83349,,253006,"The Life Of Mannals, 4 Discs",,2014-01-23
273168,BL83191,,253007,"The Good Life, 8 Discs",,2014-01-16
273171,BL83338,,253008,"Solomon Kane, 1 Disc",,2014-01-25
273173,BL83340,,253010,"The Fourth Kind, 1 Disc",,2014-02-01
273700,bl83344,,253028,"The Grass is Greener, 1 Disc",,2014-01-28
330761,BL82106,,307774,"The Lord Of The Rings, 2Discs",,2013-12-22
330802,BL83375,,307777,"Star Trek Nemesis, 1 Disc",,2013-12-31
330891,BL83378,,307955,"Star Trek: Insurrection ",,2013-12-31
330893,BL83379,,307956,"Star Trek: First Contact",,2013-12-31
331027,BL83380,,307985,"One E Kiss, 1Disc",,2014-01-25
331029,BL83381,,307986,"Persuasion, 1 Disc",,2014-02-02
331032,BL83382,,307987,"City Lights, 1Disc",,2014-01-28
331055,BL83354,,307996,"Bunny and the Bull, 1 Disc",,2014-02-02
331057,BL83387,,307997,"Ae Fond Kiss, 1 Disc",,2013-12-29
331058,BL83355,,307998,"Heartless, 1 Disc",,2014-02-02
331066,BL83388,,308004,"Bend It Like Beckham,1 Disc",,2014-01-18
331069,BL83358,,308006,"The Other Boleyn Girl, 1 Disc",,2014-01-11
331073,BL83359,,308011,"Triangle, 1 Disc",,2014-01-05
331090,BL83362,,308020,"Green Zone, 1 Disc",,2014-01-21
331093,BL83389,,308021,"The Dark Knight, 2 Discs",,2014-01-12
331104,BL83390,,308026,"A Bridge Too Far, 2Discs",,2013-12-15
331127,BL83394,,308039,"Seance On A Wet Afternoon, 1 Disc",,2014-01-11
331132,BL83395,,308040,"The Uiller Memorandum , 1Disc",,2014-02-02
331139,BL83397,,308045,"Daylight Robbery, 1 Disc",,2014-01-10
331154,BL83402,,308051,"Body Of Lies, 1 Disc",,2014-01-24
331180,BL83405,,308055,"The Inaccessible Pinnacle, 1 Disc",,2013-11-23
331183,BL83407,,308057,"Africa United, 1 Disc",,2014-01-25
331481,BL83411,,308089,"Gladiator, 3 Discs",,2014-02-02
331509,BL83412,,308092,"Wilde, 1Disc",,2014-01-19
331520,BL83415,,308095,"The Ipcress File, 3 Discs",,2014-01-30
331541,BL83419,,308099,"Follyfoot, 2 Discs",,2014-01-19
331544,BL83420,,308100,"San Ferry Ann, 1 Disc",,2014-01-28
331548,BL83422,,308102,"The Brylcreem Boys, 1 Disc",,2014-02-01
331550,BL83423,,308103,"Three Men In A Boat, 1 Disc",,2014-01-11
331584,BL83429,,308114,"Wives And Daughters, 2 Discs",,2014-01-04
331661,BL83430,,308141,"Son Of Rambow, 1 Disc, ",,2014-01-24
331723,BL83431,,308143,"Amazing Grace, 1 Disc ",,2014-02-02
331768,BL83433,,308205,"Waybuloo,1 Disc",,2014-02-01
331795,BL83436,,308222,"Pirates Of The Caribbean, 2 Discs ",,2014-01-05
331809,BL83437,,308224,"Gandhi, 2 Discs",,2014-01-31
331812,BL83439,,308226,"My House In Umbria, 1 Disc",,2014-01-18
331844,BL83441,,308416,"Doc Martin, 4 Discs",,2014-01-31
331854,BL83445,,308421,"The Fourth Protocol, 1 Disc",,2014-02-02
331856,BL83446,,308422,"The Arbor, 1 Disc",,2014-01-07
331872,BL83448,,308426,"A Beautiful Mind, 1 Disc",,2014-01-16
331902,BL83453,,308466,"Doctor Zhivago, 2 Discs",,2014-01-24
331949,BL83455,,308535,"The Kite Runner, 1 Disc",,2014-01-21
332515,BL83459,,309096,"Hotel Babylon, 3 Discs",,2014-01-05
332526,BL83363,,309100,"In the Hands of the Gods, 1 Disc",,2014-02-01
332544,BL83462,,309104,"The Railway Children, 1Disc",,2014-01-21
332554,BL83367,,309111,"The Weather Man, 1 Disc",,2014-01-25
332557,BL83368,,309114,"Nicholas Nickleby, 1 Disc",,2013-12-28
332558,BL83467,,309115,"Conspiracy Theories: Diana Death Of A Princess, 1 Disc",,2014-01-16
332563,BL83369,,309116,"Brick Lane, 1 Disc",,2014-01-12
332618,BL83470,,309128,"The Chinese Detective, 4 Disc",,2014-02-02
332637,BL83372,,309130,"Dead Man's Shoes, 1 Disc",,2014-02-01
332660,BL83472,,309133,"Fish Tank, 1Disc",,2014-01-07
332682,BL83474,,309139,"Beowulf, 2 Discs",,2014-01-05
332700,BL83491,,309144,"Ballet Shoes, 1Disc",,2013-12-01
332733,BL83493,,309151,"Lost Dogs, 1 Disc",,2014-01-19
332746,BL83479,,309152,"The Waiting Room, 1 Disc",,2014-01-08
332796,BL83495,,309166,"Suburban Shootout, 1 Disc",,2014-01-23
332814,BL83497,,309173,"Conversations(S) With Other Women, 1 Disc",,2014-02-01
332838,BL83480,,309177,"Hot Fuzz, 1 Disc",,2014-02-01
332852,BL83481,,309181,"Fanny Hills, 1 Disc",,2014-01-11
332882,BL83500,,309184,"School Of Life, 1Disc ",,2014-01-30
332883,BL83482,,309182,"The Lord of Rings, 2 Discs",,2014-01-19
332929,BL83503,,309189,"Time Without Pity, 1 Disc",,2014-01-11
333114,BL83486,,309365,"Perrier's Bounty, 1 Disc",,2014-01-18
333122,BL83487,,309366,"The Titfield Thunderbolt, 1 Disc",,2014-01-25
369816,BL83508,,341015,"The Long  Good Friday, 3 Discs",,2014-02-02
923830,BL83510,,406037,"Chronicles Of Narnia: The Voyage Of The Dawn Treader",,2014-01-07
923831,BL83511,,406039,"Free Jimmy, 1 Disc",,2014-02-02
923836,BL83514,,406042,"Monsters vs Aliens, 1 Disc",,2014-01-19
923838,BL83516,,406044,"The Sarah Jane Adventures: The Complete First Series",,2014-01-30
923881,BL83517,,406060,"The Sarah Jane Adventures: The Complete Third Series",,2014-02-01
924084,BL83520,,406083,"Madeline, 1 Disc",,2014-01-31
924087,BL83534,,406085,"Pirates Of The Caribbean, 1 Disc",,2013-12-07
924093,BL83521,,406089,"The Prince of Egypt, 1 Disc",,2014-01-25
924094,BL83535,,406090,"Pirates Of The Caribbean, 1 Disc",,2014-01-19
924095,BL83522,,406091,"Shrek the Third, 1 Disc",,2014-01-05
924099,BL83537,,406095,"The Lord Of The Rings: The Return Of The King, 2 Discs",,2014-01-11
924260,BL83525,,406134,"Greyfriars Bobby, 1 Disc",,2014-01-25
924268,BL83526,,406136,"Tom Brown's School Days, 1 Disc",,2014-01-29
924277,BL83527,,406138,"Alice's Adventures in Wonderland, 1 Disc",,2014-02-01
924287,BL83541,,406140,"Ratatouille, 2 Discs",,2014-01-15
924297,BL83528,,406141,"Harry Potter and the Order of the Phoenix, 1 Disc",,2014-02-02
924352,BL83530,,406150,"The Secret of Moonacre, 1 Disc",,2014-01-25
924402,BL83544,,406161,"In The Night Gardedn:Hello Makka Pakka, 1Disc",,2014-01-25
924439,BL83546,,406175,"In the Night Garden : Hello Igglepiggle!, 1 Disc",,2014-01-12
962680,BL83242,,444673,"Harry Potter and the Half Blood Prince, 2 Discs",,2014-01-15
964082,BL83547,,445062,"Wallace & Gromit : The Curse of the Were-Rabbit, 2 Discs",,2014-01-04
964086,BL83549,,445066,"The Thief Lord, 1 Disc",,2014-02-02
964087,BL83550,,445067,"Chitty Chitty Bang Bang, 2 Discs",,2013-12-29
964088,BL83552,,445068,"The Golden Compass, 1 Disc",,2014-01-07
964110,BL83557,,445073,"Nanny McPhee, 1 Disc",,2014-01-15
964111,BL83558,,445074,"Mist, 1 Disc",,2013-03-30
964378,BL83560,,445090,"Sleuth, 1 Disc",,2014-01-21
964441,BL83563,,445094,"The Shooting Party, 1 Disc",,2014-01-18
964466,BL83565,,445098,"The Cathering Cookson Collection , 8 Dics",,2014-01-29
964514,BL83569,,445104,"Life In Cold Blood: The Complete Series, 2 Discs",,2014-01-05
964527,BL83575,,445111,"My Boy Jack, 1 Disc",,2014-02-01
964542,BL83578,,445114,"Lorna Doone, 1Disc",,2014-01-23
964561,BL83579,,445115," A Life Less Ordinary, 1 Disc",,2014-01-29
964581,BL83583,,445124,"A Cock and Bull Story, 1 Disc",,2014-01-18
964584,BL83597,,445127,"Blade Runner, 2 Discs",,2014-01-19
964595,BL83601,,445131,"The Tichborne Claimant, 1 Disc",,2014-01-04
964596,BL83584,,246558,"FAQ About Time Travel, 1 Disc",,2014-01-22
964612,BL83585,,445137,"The Escapist, 1 Disc",,2013-06-23
964667,BL83606,,445150,"The Book Of Eli, 1 Disc",,2014-01-16
964697,BL83611,,445164,"The Pickwick Papers, 1 Disc",,2014-01-08
964705,BL83589,,445169,"Midsomer Murders, 6 Discs",,2014-01-25
964711,BL83613,,445174,Faintheart,,2014-02-02
964713,BL83614,,445176,"Man On Wire, 1 Disc",,2014-01-15
964714,BL83620,,445175,"Spartacus, 1 Disc",,2014-01-29
964718,BL83590,,445177,"Lost in Austen, 2 Discs",,2014-02-01
964721,BL83615,,445178,"The Score,1 Disc",,2013-12-31
964726,BL83621,,445179,"A Knight's Tale, 1 Disc",,2014-01-16
964728,BL83592,,445181,"The Constant Gardener, 1 Disc",,2013-12-21
964730,BL83593,,445183,"Housewife, 49, 1 Disc",,2014-01-18
964736,BL83595,,445186,"Get Smart, 1 Disc",,2014-01-11
964747,BL83596,,445188,"The Golden Bowl, 1 Disc ",,2013-12-31
964748,BL83623,,445189,"The Return Of The Pink Panther, 1 Disc",,2014-02-01
964753,BL83624,,445191,"Walkabout, 1 Disc",,2014-01-18
964786,BL83619,,445195,"Eden Lake, 1 Disc",,2014-01-11
964800,BL83631,,445197,"Austin Powers, 1 Disc",,2013-12-26
964840,BL83644,,445201,"Brass Monkey,1 Disc",,2014-01-12
964863,BL83634,,445206,"Con Air, 1 Disc",,2014-01-11
964874,BL83635,,445213,"A Passage to India, 1 Disc",,2014-01-28
964913,BL83637,,15569,"The Bourne Ultimatum, 1 Disc","Greengrass, Paul",2014-02-01
964917,BL83638,,445220,"Sexy Beast, 1 Disc",,2014-01-29
964919,BL83640,,445222,"Ladybird Ladybird, 1 Disc",,2014-01-23
964933,BL83649,,445233,"No Country for Old Men, 1 Disc",,2014-02-02
964934,BL83648,,445234,"The Pink Panther Strikes Again, 1 Disc",,2014-01-31
964936,BL83665,,445236,"Elizabeth/Elizabeth:The Golden Age 2 Discs",,2014-01-29
964953,BL83669,,445245,"James Bond: The Spy Who Loved Me, 1 Disc",,2013-03-30
964962,BL83671,,445248,"Death At A Funeral, 1 Disc",,2014-01-25
965016,BL83680,,445259,"Under Capricorn, 1 Disc",,2014-01-29
965098,bl83682,,445274,"Local Hero,1 Disc",,2014-01-19
965110,BL83684,,445277,"Mischief Night, 1 Disc",,2014-01-24
965115,BL83660,,445221,"There Will Be Blood, 1 Disc  ",,2014-02-02
965137,BL83661,,445281,"The Violent Enemy, 1 Disc",,2014-01-15
965162,BL83663,,445288,"Unbreakable, 2 Discs",,2014-01-19
965163,BL83687,,445289,"Changeling, 1 Disc",,2014-01-30
965181,BL83689,,445293,"Last Chance Harvey, 1 Disc",,2013-12-03
965193,BL83664,,445295,"The Gathering Storm, 1 Disc",,2014-02-02
965207,BL83693,,445301,"Bedazzled, 1 Disc",,2014-02-01
965208,BL83704,,445300,"High Noon, 1 Disc",,2014-01-18
965210,BL83703,,445303,"My Left Foot, 1 Disc",,2013-12-26
965211,BL83702,,445304,"Charlie Wilson's War,1 Disc",,2014-01-02
965216,BL83697,,445306,"Hallam Foe, 1 Disc",,2014-02-02
965217,BL83700,,445305,"Eye of the Needle, 1 Disc",,2014-01-17
965222,BL83699,,445307,"Keeping Mum, 1Disc",,2014-01-19
965248,BL83695,,445311,"Young and Innocent, 1 Disc",,2014-01-07
965377,BL83714,,445344,"Flawless, 1 Disc",,2014-01-28
965380,BL83715,,445346,"Monty Python And The Holy Grail, 2 Discs",,2014-02-02
965385,BL83717,,445349,"Match Point, 1 Disc",,2014-01-18
965391,BL83718,,445353,"Powder Blue, 1 Disc",,2014-02-01
965396,BL83720,,445356,"Bridget Jones's Diary, 1 Disc",,2014-01-29
965437,BL83722,,445367,"Maeve Binchy: Echoes, 2 Discs",,2014-02-01
965475,BL83728,,445378,"A Town Like Alice, 1 Disc",,2014-02-02
965488,BL83731,,445386,"Schindler's List, 1 Disc",,2014-01-25
965489,BL83732,,445387,"Pygmalion, 1 Disc",,2014-01-09
965498,BL83735,,445393,"Wimbledon And Love Actually, 2 Discs",,2014-01-24
965499,BL83736,,445394,"Sense And Sensibility, 1 Disc",,2014-01-29
965551,BL83739,,445410,"Easy Virtue, 1 Disc",,2014-01-25
965609,BL83740,,445424,"Cul-de-sac, 1 Disc",,2014-01-18
965632,BL83745,,445433,"Ben Hur, 3 Discs",,2013-12-31
965644,BL83746,,445436,"The Duchess, 1 Disc",,2013-08-11
965656,BL83749,,445439,"Mamma Mia! The Movie, 1 Disc",,2014-02-02
965665,BL83748,,445440,"Happy-Go-Lucky, 1 Disc",,2014-01-31
965682,BL83751,,445444,"The Curious Case Of Benjamin Button, 1 Disc",,2014-01-29
965778,BL83757,,445471,"2001 - A Space Odyssey, 2 Discs",,2014-01-11
965796,BL83760,,445476,"The Young Victoria, 1 Disc",,2014-01-04
965798,BL83761,,445477,"The Wombles: Complete Collection, 2 Discs",,2014-01-19
965801,BL83762,,445384,"Made in Dagenham, 1 Disc",,2014-01-25
965805,BL83764,,445480,"You Only Live Twice, 2 Discs",,2014-01-11
965806,BL83765,,445482,"Push, 1 Disc",,2014-01-30
965810,BL83767,,445485,"Rumpole of the Bailey: Series 3, 2 Discs",,2014-01-09
965820,BL83771,,445491,"How To Lose Friends And Alienate People, 1 Disc",,2013-12-31
965830,BL83777,,445497,"Butterfly On A Wheel, 1 Disc",,2014-01-19
965887,BL83778,,445852,"London To Brighton, 1 Disc",,2014-01-15
965891,BL83779,,445855,"Unforgiven, 1 Disc",,2014-01-19
966697,BL83784,,446658,"Whose Line Is It Anyway? - Complete Series 1 And 2, 4 Discs",,2014-01-02
966732,BL83785,,446715,"Tomorrow Never Dies, 2 Discs",,2014-01-18
966759,BL83787,,446724,"Moonraker, 2 Discs",,2013-12-26
966770,BL83791,,446729,"Another Country, 1 Disc",,2014-01-24
966772,BL83792,,446730,"Confidential Report, 1 Disc",,2013-12-27
966773,BL83793,,446731,"Thunderball, 2 Discs",,2014-01-29
967070,BL83797,,446783,"Indiana Jones And The Last Crusade, 1 Disc",,2014-01-12
967176,BL83804,,446793,"Life Of David Gale, 1 Disc",,2013-12-31
967260,BL83806,,446796,"Peter Pan, 1 Disc",,2014-01-25
967798,BL83807,,446850,"Corpse Bride, 1 Disc",,2014-01-25
967818,BL83808,,446851,"Mary Poppins, 2 Discs",,2014-02-01
967849,BL83810,,446853,"Darby O'Gill and the Little People, 1 Disc",,2014-01-30
967881,BL83814,,446857,"City of Ember, 1  Disc",,2014-01-19
967893,BL83815,,446858,"In Search of the Castaways, 1 Disc",,2013-12-29
967908,BL83816,,446860,"The Ugly Dachshund, 1 Disc",,2014-01-18
967911,BL83817,,446861,"Arthur and the Invisibles, 1 Disc",,2013-12-19
967948,BL83821,,446865,"The Dark Crystal, 1 Disc",,2014-02-01
968022,BL83826,,446873,"The Day Of The Jackal, 1 Disc",,2013-07-17
969285,BL83837,,446993,"Jack Falls, 1 Disc",,2014-01-28
969337,BL83838,,447012,"Angus, Thongs and Perfect Snogging, 1 Disc",,2013-12-29
969915,BL83839,,447101,"The Great Escape",,2014-01-11
969920,BL83840,,447104,"It Happened One Night, 1 Disc",,2014-01-15
983208,BL83847,5014437888433,452453," Dora The Explorer: Dora's Christmas, 1 Disc",,2014-01-12
983232,BL83849,5034217410005,452455,"Angelina Ballerina:Lights, Camera, Action!,,1 Disc",,2014-01-23
983290,BL83855,5034217412290,452468,"Bob The Builder: Bob's Rescue, 1Disc",,2014-01-18
983315,BL83856,5034217423067,452469,"Fireman Sam:The Big Freeze, 1Disc",,2014-01-11
983363,BL83859,5034217423289,452471,"Fireman Sam - The New Hero Next Door, 1 Disc",,2014-01-12
983381,BL83860,5051561029196,452474,"Sarah Jane Adventures - Series 2,3 Discs",,2014-02-02
983508,BL83867,5014138603465,452500,"Roary The Racing Car:Stars And Cars, 1Disc ",,2014-01-05
983514,BL83868,5014138604776,452501,"Roary the Racing Car: Christmas Bumper Collection, 1 Disc",,2014-02-02
983521,BL83869,5014437957030,452502,"Dora The Explorer - Dora Saves The Snow Princess, 1 Disc",,2014-01-17
983919,BL83871,,452569,"James May on the Moon, 1 Disc",,2013-03-30
983969,BL83873,,452571,"Adam & Paul, 1 Disc",,2014-01-07
984657,BL83874,,452601,"Horrid Henry: Horrid Henry's Favourite Day, 1 Disc",,2012-01-22
984660,BL83875,,452603,"Horrid Henry: Fun Run and Five Other Gross Adventures",,2014-01-15
984661,BL83887,,452602,"Hereafter, 2 Discs",,2014-01-29
984667,BL83878,,452606,"Horrid Henry: Horrid Henry's Birthday and 5 Other Adventures",,2014-01-24
984671,BL83911,,452607,"The Reader, 2Discs",,2013-12-29
984672,BL83879,,452609,"Horrid Henry: Horrid Henry's smelly stuff, 1 Disc",,2014-02-02
984673,BL83880,,452610,"Horrid Henry: Horrid Henry's Christmas underpants",,2014-01-05
984677,BL83881,,452612,"Horrid Henry: Horrid Henry Goes Fishing, 1 Disc",,2014-01-25
984678,BL83889,,452611,"Big Ideas, 2 Discs",,2014-01-17
984685,BL83882,,452615,"Horrid Henry Tricks And Treats - Halloween Edition, 1 Disc",,2014-01-24
984694,BL83883,,452622,"Horrid Henry Diary and 5 Other Adventures, 1 Disc",,2014-01-30
984705,BL83917,,452630,"Shutter Island,1 Disc",,2014-01-19
984726,BL83923,,452645,"Schwarzenegger: Last Action Hero, 1 Disc",,2014-01-05
984728,BL83924,,452644,"Terminator Salvation,1 Disc",,2014-01-16
984730,BL83894,,452646,"The Eagle, 1 Disc",,2014-01-16
984767,BL83929,,452659,"Devil Wears Prada, 1 Disc",,2014-01-29
984773,BL83931,,452662,"Elegy , 1 Disc",,2014-01-16
984778,BL83932,,452664,"Plenty, 1 Disc",,2014-02-01
984818,BL83935,,452677,"The Royal Wedding: William & Catherine, 1 Disc",,2014-01-30
984821,BL83936,,452681,"Largo Winch: Deadly Revenge, 1 Disc",,2014-01-21
984827,BL83900,,452684,"The Sixth Sense,  2 Discs",,2014-01-29
984832,BL83901,,452686,"Don't Say a Word, 1 Disc",,2014-01-19
984843,BL83903,,452695,"The English Patient, 2 Discs ",,2013-12-19
984847,BL83904,,452696,"Identity, 1 Disc",,2014-01-25
984853,BL83940,,452700,"Amistad,1 Disc",,2014-01-29
984865,BL83907,,452701,"The Secret of Roan Inish, 1 Disc",,2014-01-24
984880,BL83942,,452705,"Elizabeth: The Golden Age, 1 Disc",,2014-01-16
984885,BL83943,,452707,"Miss Pettigrew Lives For A Day, 1 Disc",,2014-01-25
984892,BL83910,,452709,"Lucía, 1 Disc ",,2014-02-02
984893,BL83944,,452708,"Sister Act, 1 Disc",,2014-01-19
984919,BL83986,,452712,"Sliding Doors, 1 Disc",,2013-12-27
984922,BL83955,,452713,"Eternal Sunshine Of The Spotless Mind, 2 Discs",,2013-12-03
984941,BL83960,,452717,"Casino Royale, 1 Disc",,2013-07-26
984968,BL83991,,452721,"Unstoppable,1 Disc",,2014-01-15
984972,BL83990,,452722,"Letters To Juliet, 1 Disc",,2014-01-23
984981,BL83994,,452725,"Black Death, 1 Disc",,2014-01-16
984985,BL83995,,452728,"Ghost Writer, 1 Disc",,2013-12-26
984986,BL83998,,452729,"The First Wives Club, 1 Disc",,2014-01-07
984991,BL84000,,452730,"House Of Sand And Fog, 1 Disc",,2013-12-27
984993,BL83945,,452731,"Barney - Moving And Grooving, 1 Disc",,2013-12-29
984996,BL83947,,452733,"Barney - Adventure Bus , 1 Disc",,2014-01-31
984998,BL84001,,452736,"Never Let Me Go, 1 Disc",,2013-12-22
985022,BL83948,,452742,"Barney - Marvellous Manners, 1 Disc",,2013-07-07
985026,BL83949,,452732,"Barney - Happy Mad Silly Sad , 1 Disc",,2014-01-16
985047,BL83953,,452747,"Bob the Builder: Teamwork Challenge",,2013-12-19
985049,BL83954,,452748,"Bob The Builder - Three Musketrucks And Other Stories, 1 Disc",,2013-01-12
985072,BL84003,,452750,"Patriot Games,1 Disc",,2013-12-29
985078,BL83966,,452753,"Unrelated, 1 Disc ",,2014-01-17
985099,BL83968,,452755,"Postman Pat Special Delivery Service: A Speedy Delivery, 2 Discs",,2013-12-24
985102,BL84004,,452756,"Minority Report, 1 Disc",,2014-01-31
985108,BL83970,,452758,"Angelina Ballerina - The Gift, 1 Disc",,2014-02-02
985112,BL83971,,452759,"Angelina Ballerina-The Magic of Dance! 1 Disc",,2014-01-11
985117,BL84007,,452761,"A History Of Britain: The Complete Series, 6 Discs",,2014-01-12
985148,BL84009,,452763,"Legend, 1 Disc",,2013-12-29
985151,BL84010,,452764,"Law Abiding Citizen, 1 Disc",,2014-01-12
985162,BL83972,,452766,"The Secret Garden, 1 Disc",,2014-01-12
985167,BL83974,,452769,"Beautiful People, 1 Disc",,2014-01-18
985170,BL83975,,452770,"Tea with Mussolini, 1 Disc",,2014-02-02
985201,BL83985,,452780,"Darwin's Dangerous Idea, 1 Disc",,2014-01-04
985202,BL84012,,452781,"Fair Game, 1 Disc",,2014-01-25
985204,BL84014,,452783,"The Lonely Passion of Judith Hearne, 1 Disc",,2014-02-02
985208,BL84017,,452786,"Michael Clayton, 1 Disc",,2014-01-07
985210,BL84019,,452788,"From Hell, 2 Discs",,2014-01-11
985511,BL84021,,452818,"Trust, 1 Disc",,2014-01-28
985528,BL84023,,452819,"Crucible,1 Disc",,2014-01-25
985531,BL84022,,452820,"The Object Of My Affection, 1 Disc",,2014-01-19
985543,BL84044,,452826,"Yellowstone,1 Disc",,2014-01-22
985563,BL84048,,452830,"Pillars Of The Earth, Episodes1-8, 3 Discs",,2014-01-24
985565,BL84049,,452834,"The Rite, 1 Disc",,2013-10-31
985572,BL84030,,452836,"Ironclad, 1 Disc",,2014-02-02
985593,BL84053,,452839,"Street Kings,1 Disc",,2014-01-05
985597,BL84054,,452841,"Burlesque, 1Disc",,2014-01-31
985599,BL84032,,452842,"Paul, 2 Discs",,2014-02-01
985729,BL84059,,452899,"Hanna, 1 Disc",,2014-02-01
985740,BL84060,,452909,"Thor, 1Disc",,2014-01-18
985748,BL84062,,452918,"To Kill a King, 1 Disc",,2013-06-09
985827,BL84066,,452935,"Barney: Celebrating Around The World, 1 Disc",,2014-01-25
985834,BL84067,,452936,"Bob The Builder: On Site, Homes & Playgrounds, 1 Disc",,2014-01-25
985846,BL84069,,452944,"Brazil, 1 Disc",,2013-07-26
985872,BL84070,,452961,"Dora The Explorer: Dora's Halloween, 1 Disc",,2014-01-07
985914,BL83886,,452600,"The Way Back, 2 Disc ",,2014-01-25
985926,BL84072,,452963," Aladdin And The Magic Lamp,1 Disc",,2014-01-09
985928,BL84073,,452964,"Horrid Henrys Underpants, 1Disc",,2014-01-11
985958,BL84076,,452974,"Gnomeo & Juliet, 1Disc",,2014-01-19
985966,BL84035,,452982,"Barney: Let the Games Begin & Other Stories, 1 Disc",,2014-01-19
985972,BL84078,,452987,"The Tale Of Despereaux, 1 Disc",,2014-01-18
985995,BL84079,,452999,"Rango, 1Disc",,2014-01-09
986001,BL84080,,453001,"Winnie the Pooh, 1 Disc",,2014-01-19
986015,BL84084,,453006,"Horrid Henry Tricks And Treats,1 Disc",,2014-01-17
986023,BL84036,,453009,"Rubbadubbers: Splish! Splash! Splosh! 1 Disc",,2014-02-02
986029,BL84037,,453010,"Rubbadubbers: Bathtime Scrambles, 1 Disc",,2014-01-23
986038,BL84087,,453011,"Dora The Explorer : Catch The Stars, 1Disc",,2014-01-31
986044,BL84038,,453013,"Bob the Builder: Adventures in Bobland Bay",,2014-01-25
986046,BL84088,,453014,"Nick Jr Dora The Explorer: Dance To The Rescue, 1Disc",,2014-01-24
986052,BL84090,,453016,"Dora The Explorer - Dora Saves the Mermaids, 1 Disc",,2014-01-24
986054,BL84039,,453017,"Bob The Builder - Built to be Wild, 1 Disc",,2014-01-19
986076,BL84091,,453019,"Angelina Ballerina -The Silver Locket, 1 Disc",,2014-02-02
986079,BL84097,,453022,"Horrid Henry: Horrid Henry's Holiday, 1 Disc",,2014-01-05
986080,BL84093,,453023,"Angelina Ballerina - Princess Dance , 1 Disc",,2014-01-31
986081,BL84094,,453025,"Angelina Ballerina - Rose Fairy Princess, 1 Disc",,2014-01-12
986089,BL84095,,453028,"Angelina Ballerina Mouse Of The Year , 1 Disc",,2014-01-24
986090,BL84099,,453029,"Bob The Builder:Race To The Finish, 1 Disc",,2014-01-05
986091,BL84100,,453030,"Angelina Ballerina - The Show Must Go On , 1 Disc",,2014-01-07
986093,BL84109,,453031,"Bob The Builder:When Bob Became A Builder, 1 Disc",,2014-01-05
986095,BL84101,,453032,"Horrid Henry And The Secret Club , 1 Disc",,2014-01-18
986097,BL84102,,453033,"Horrid Henry - Horrid Henry's Horrid Revenge and Other Adventures, 1 Disc",,2014-01-19
986099,BL84103,,453035,"Title: Horrid Henry: Ice Cream Dream, 1 Disc ",,2014-01-31
986104,BL84104,,453037,"Bob the Builder: Feast of Fun, 1 disc",,2014-01-11
986106,BL84105,,453039,"Bob The Builder - The Great Race / Scoop The Disco Digger, 1 Disc",,2014-01-23
986111,BL84106,,453040,"Barney - Barney's Christmas Time, 1 Disc",,2014-01-05
986119,BL84107,,453042,"Barney - Animal ABC, 1 Disc",,2013-07-07
986126,BL84115,,453045,"Roary The Racing Car: Bumper To Bumper, 1 Disc",,2014-01-05
986127,BL84116,,453044,"The Parent Trap, 1 Disc",,2014-01-11
986130,BL84114,,453046,"Ivor The Engine - The Complete Ivor The Engine, 1 disc",,2014-02-02
986202,BL84040,,453063,"Meet Monica Velour, 1 Disc",,2014-01-11
986221,BL84041,,453064,"A Lot Like Love, 1 Disc",,2014-01-10
986248,BL84077,,448969,"Tinker Bell and the Lost Treasure (DVD)","Hall,Klay",2014-01-05
986573,BL84121,,453154,"Barney:Christmas Star, 1Disc",,2014-01-18
986577,BL84122,,453155,"Charlie And Lola Vol.6 , 1 Disc",,2014-02-01
986578,BL84123,,453156,"Dora The Explorer :Super Babies,1 Disc ",,2014-01-19
986593,BL84126,,453159,"Dora The Explorer : Dora Saves the Mermaids, 1Disc",,2014-01-07
986597,BL84127,,453160,"Postman Pat:Special Delivery Service, A Super Mission, 1 Disc",,2013-12-26
986602,BL84129,,453162,"Postman Pat:Football Crazy,1 Disc",,2014-01-18
986616,BL84132,,453165,"Fireman Sam:Fun Run, 1 Disc",,2014-01-18
986618,BL84133,,453167,"Postman Pat:Great Big Party, 1 Disc",,2014-01-29
986624,BL84134,,453171,"Dora The Explorer: Super Babies' Dream Adventure, 1 Disc",,2014-01-18
986625,BL84135,,453172,"Dora The Explorer:City Of Lost Toys, 1 Disc",,2014-01-19
986627,BL84136,,453173,"Horrid Henry And The Green Machine, 1 Disc",,2014-01-24
986630,BL84137,,453175,"Noddy: Saves Christmas, 1 Disc",,2014-01-25
986631,BL84139,,453177,"The Losers, 1 Disc",,2014-01-16
986636,BL84145,,453181,"Horrid Henry's Completely Horrid Collection, 3 Discs",,2013-12-19
986653,BL84147,,453188,"Angelina Ballerina:It's Showtime, 1 Disc",,2013-02-16
986668,BL84150,,453193,"Postman Pat Special Delivery Service - Pat To The Rescue,1Disc",,2014-02-02
986730,BL84153,,453196,"Ice Princess, 1Disc",,2014-01-18
986734,BL84154,,453197,"Dora The Explorer:Big Sister Dora, 1 Disc",,2014-01-23
986750,BL84158,,453202,"Noddy:Live, 1 Disc",,2014-01-12
986754,BL84141,,453206,"Tracker, 1 Disc",,2014-01-19
986756,BL84142,,453207,"Perfume, 1 Disc",,2014-01-16
986759,BL84140,,453208,"Jackboots On Whitehall, 1 Disc",,2014-01-25
986760,BL84162,,453210,"Noddy: Animal Magic, 1 Disc",,2013-12-29
987398,BL84167,,453324,"Postman Pat:The Giant Snowball, 1 Disc",,2013-12-24
987430,BL84170,,453330,"Noddy And The Island Adventure, 1 Disc",,2014-01-19
987437,BL84171,,453331,"Noddy And The New Taxi, 1 Disc",,2013-11-17
987558,BL84179,,453357,"Noddy: A Bike For Big Ears, 1 Disc",,2013-11-17
987561,BL84180,,453358,"Thief Lord, 1 Disc",,2014-01-11
987573,BL84181,,453360,"Noddy:The Best Driver In The World, 1 Disc",,2013-12-24
987599,BL84186,,454062,"Postman Pat's Summer Spectacular,1 Disc",,2014-01-18
987643,BL84188,,455221,"Postman Pat: Ice Cream Machine, 1 Disc",,2014-02-02
987644,BL84189,,455222,"Postman Pat: Clowns Around!, 1 Disc",,2014-02-01
987646,BL84190,,455223,"Postman Pat: Great Big Party, 1 Disc",,2014-01-21
987650,BL84192,,453356,"Dora The Explorer:It's A Party, 1 Disc",,2014-01-04
987652,BL84193,,453199,"Dora The Explorer :Super Silly Fiesta, 1 Disc",,2014-02-02
987656,BL84194,,455225,"Dora The Explorer:Meet Diego, 1 Disc",,2014-02-01
987669,BL84196,,453197,"Dora The Explorer:Big Sister Dora, 1 Disc",,2014-01-05
999749,BL83884,,451330,"Horrid Henry - Ace Reporter",,2014-01-05
999800,BL84199,,459974,"Tletubbies:Oooh! , Disc 1",,2014-01-05
999817,BL84202,,459977,"Teletubbies:Again again, Disc 1",,2013-12-04
999840,BL84205,,460018,"Thomas &Friends:Calling all Engines,Disc 1",,2014-01-11
999855,BL84252,,460023,"Oliver,Disc 1",,2014-01-12
999861,BL84211,,460027,"White noise:The light",,2014-02-01
999882,BL84255,,460035,"Princess Bride,Disc 2",,2014-01-25
999884,BL84215,,460036,"Blitz, Disc 1",,2014-01-16
999912,BL84257,,460042,"Old Curiosity Shop,Disc 1",,2013-09-10
999914,BL84219,,460043,"Conspirator, Disc 1",,2013-11-27
999923,BL84221,,460046,"Silent witness, Disc 4",,2014-01-31
999926,BL84259,,460047,"Teletubbies:Look,Disc 1",,2014-02-02
999929,BL84222,,460048,"Spider, Disc 1",,2013-01-23
999945,BL84260,,460050,"Tale of :Two Cities,Disc 1",,2014-01-25
999947,BL84224,,460051,"School for scoundrels, Disc 1",,2013-01-23
999951,BL84225,,460052,"Girl With A Pearl Earring, Disc 1",,2014-01-25
999953,BL84261,,460053,"Peppa Pig:Stars,Disc 1",,2014-01-25
999957,BL84228,,460057,"Mr. Popper's Penguins, Disc 1",,2014-01-28
999961,BL84263,,460059,"Pop: Goes Thomas Disc 1",,2014-01-19
999965,BL84229,,460060,"Only  fools and hourses:series 1",,2014-02-02
999981,BL84264,,460066,"Cbeebies - Ultimate Christmas Collection ,Disc 1",,2014-02-01
999984,BL84265,,460068,"Who Framed Roger Rabbit,Disc 1",,2014-01-18
999995,BL84266,,460072,"Cbeebies - The Ultimate Summer Collection,Dics 1",,2014-01-11
1000002,BL84267,,460074,"Absent - Minded Professor,Disc 1",,2014-01-05
1000016,BL84236,,460075,"Senna, Disc 2",,2014-01-05
1000024,BL84268,,460077,"Enchanted,Disc 1",,2014-02-02
1000029,BL84300,,460079,"Wall Street, Disc 1",,2014-01-12
1000043,BL84240,,460085,"Single Father,Disc 1",,2014-01-07
1000048,BL84270,,460087,"Ratatouille,Disc 2",,2013-03-22
1000142,BL84246,,460101,"Darwin's Dangerous Idea,Disc 1",,2014-01-23
1000157,BL84274,,460104,"Dark Crystal,Disc 1",,2014-01-28
1000171,BL84275,,460106,"Oliver Twist,Disc 1",,2014-01-11
1000175,BL84249,,460107,"History Of Modern Britain,Disc 2",,2014-01-12
1000182,BL84250,,460109,"Black swan,Disc 1",,2014-01-28
1000183,BL84276,,460110,"Railway Children,Disc 1",,2013-12-24
1000194,BL84291,,460121,"In Search Of Shakespeare,Disc 2",,2014-01-29
1000224,BL84280,,460127,"Chitty Chitty Bang Bang,Disc 2",,2014-01-29
1000225,BL84299,,460125,"Civilisation,Disc 4",,2013-12-24
1000283,BL84283,,460135,"Harry and His Bucket Full of Dinosaurs,Disc 1",,2014-01-05
1000612,BL84293,,460200,"Blackadder : Series 2,Disc 1",,2014-01-19
1000989,BL84296,,460235,"Just william,Disc 4",,2014-01-21
1001001,BL84297,,460238,"Thomas & Friends:Wobbly Wheels & Whistles ,Disc 1",,2014-01-11
1001025,BL84305,,460248,"Thomas And Friends - The Spirit Of Sodor ,Disc 1",,2014-02-02
1001055,bl84307,,460254,"Big And Small - Starry, Starry  Night,Disc 1",,2014-01-19
1001063,BL84309,,460256,"Carry Me - Boogie Beebies - Little Dreamer And Other Stories, Disc 1",,2014-01-12
1001410,BL84311,,460350,"Mouth to Mouth,1 Disc",,2014-02-01
1001415,BL84312,,460353,"Mary, Queen of Scots, 1 Disc",,2013-12-19
1001463,BL84315,,460360,"Chocolat,1 Disc",,2013-12-26
1001467,BL84316,,460361," Little Bit Of Heaven, 1 Disc",,2014-02-02
1001470,BL84317,,460362,"Bleak House , 3 Discs",,2014-01-04
1001547,BL84198,,460382,"Wah-Wah, 1 Disc",,2014-01-30
1001549,BL84323,,460390,"Silent Witness - Series 5-6 ,Disc 4",,2014-01-22
1001554,BL84324,,460392,"Lawrence Of Arabia,Disc 1",,2014-02-01
1001573,BL84326,,460507,"Walking With Dinosaurs,Disc 2",,2014-02-02
1001589,BL84287,,460395,"Man For All Seasons, 1 Disc",,2014-01-19
1001598,BL84327,,460512,"The Servant,Disc 1",,2014-01-04
1001604,BL84284,,460517,"Lost Prince, 1 Disc",,2014-01-19
1001607,BL84328,,460514,"The King's Speech,Disc 1",,2013-12-29
1001680,BL84333,,460663,"Top Gear - The Great Adventures 3, Disc 2",,2013-12-29
1001682,BL84334,,460665,"Top Gear - The Great Adventures 2, Disc 2",,2014-01-05
1001689,BL84338,,460667,"Tractor Tom Triple - Baa Baa Tom Sheep / Sports Day / New Scarecrow ,Disc 3     ",,2014-02-02
1001692,bl84336,,460668," Johnny English Reborn,Disc 1",,2014-01-25
1001698,BL84339,,460669,"Toy story 2,Disc 1",,2014-01-19
1001712,BL84340,,460671,"Thomas And Friends - Heave Ho,Disc 1",,2014-02-02
1001780,BL84342,,460673,"The Adventures Of Huck Finn,Disc1",,2014-01-19
1001781,BL84343,,460674,"Tweenies - Party Games, Laughs And Giggles ,Disc 1",,2013-12-31
1001789,BL84344,,460677,"Garfield ,Disc1",,2013-12-01
1001794,BL84346,,460679,"CBeebies - Discover And Do,Disc1",,2014-02-02
1001797,BL84347,,460680,"The Adventures Of Ichabod And Mister Toad,Disc 1",,2014-01-05
1001798,BL84348,,460681," Muppet Movie ,Disc 1",,2014-01-29
1001799,BL84349,,460682,"Mr Bean - The Animated Series Vol.6,Disc 1",,2013-12-29
1001800,BL84350,,460683,"Peter Pan,1 Disc",,2014-02-01
1002602,BL84254,,460779,"Oliver Twist, Disc 1",,2014-01-11
1003263,BL84253,,14314,"Big, 1 Disc","Penny Marshall",2013-12-21
1003292,BL84247,,460943,"City Island, 1 Disc",,2013-02-10
1024042,BL84353,,473820,"In The Name Of The Father, 1 Disc ",,2014-01-25
1024056,BL84355,,473825,"Between The Lines,3 Disc, 3rd series",,2014-01-04
1024089,BL84371,,473829,"Wizard Of Oz,1 Disc",,2013-02-26
1024102,BL84373,,473832,"Oliver Twist,1 Disc",,2014-01-30
1024249,BL84375,,473853,"How Art Made The World, 2 Disc",,2014-01-17
1024394,BL84382,,473879,"Frankkyn, 1 Disc",,2014-02-01
1024449,BL84384,,473881,"Mr Men - The Complete Original Series 1, 1 Disc",,2014-01-25
1024486,BL84386,,473886,"House Of Cards, 3 Discs",,2014-01-19
1024534,BL84391,,473892,"Peppa Pig - Piggy In The Middle And Other Stories, Disc 1",,2014-01-25
1024678,BL84401,,473896,"Thomas and Friends, Disc 1",,2014-01-09
1024695,BL84393,,473899,"Thomas And Friends - Classic Collection - Series 11 (DVD), 1 Disc",,2014-01-19
1024702,BL84403,,473901,"Angels In The Outfield, Disc 1",,2013-10-22
1024715,BL84404,,473904,"Copycat, Disc1",,2014-01-07
1024737,BL84395,,473912,"Thomas And Friends - The Lion Of Sodor - DVD",,2014-01-05
1024738,BL84396,,473913,"Thomas And Friends - The Great Discovery",,2013-01-12
1024739,BL84407,,473914,"Heartbeat Complete Series 3, Disk 3",,2014-01-09
1024740,BL84397,,473915,"Thomas And Friends - Thomas And The Runaway Kite",,2013-12-26
1024756,BL84358,,473923,"THOMAS & FRIENDS Movie Pack (3 DVD Set)",,2013-12-28
1024757,BL84359,,473924,"THOMAS & FRIENDS - TALES FROM THE TRACKS",,2014-01-12
1024759,BL84411,,473926,"Muppet Christmas Carol,Disc 1",,2014-01-25
1024761,BL84361,,473927,"Thomas And Friends - Hero Of The Rails",,2014-01-17
1024767,BL84363,,473929,"THOMAS & FRIENDS-THE BEST OF THOMAS",,2014-01-05
1024771,BL84364,,473931,"Thomas And Friends - Classic Collection - Series 9",,2014-01-19
1024791,BL84414,,473935,"Charlie And Lola Vol.3",,2014-02-01
1024794,BL84412,,473937,"Clarkson Collection 2, Disc 4",,2014-01-18
1024796,BL84367,,473940,"Fun Song Farm as seen on CiTV",,2014-01-31
1024798,BL84368,,473941,"Favourite Songs as seen on CiTV",,2014-02-01
1024803,BL84516,,473947,"Being Human - Series 1, 2 Disc",,2014-02-02
1024805,BL84416,,473949,"Fifi And The Flowertots Fun At The Fair, 1 Disc",,2014-01-25
1024806,BL84417,,473951,"Fifi And The Flowertots - Happy Birthday Fifi, 1 Disc",,2014-01-05
1024816,BL84519,,473955,"My Left Foot,Disc 1",,2014-01-22
1024824,BL84420,,473959,"BOB THE BUILDER DVD PILCHARD'S BREAKFAST AND OTHER STORIES",,2014-02-02
1024832,BL84425,,473966,"Bob The Builder - Feast Of Fun, 1 Disc",,2014-01-25
1024833,BL84426,,473967,"Bob The Builder - Project: Build It! - Chip Off The Old Block, 1 Disc",,2014-01-04
1024834,BL84523,,473968,"Human Planet,Disc 3",,2014-01-29
1024835,BL84427,,473969,"BOB THE BUILDER SPEEDY SKIP, 1 Disc",,2014-02-02
1024837,BL84429,,473971,"Bob The Builder - Skateboard Spud, 1 Disc",,2014-01-11
1024840,"BL84431 ",,473973,"Bob The Builder - Knights Of Can-A-Lot  (1 Disc)",,2014-01-25
1024843,BL84434,,473976,"Bob The Builder - Adventure In Bobland Bay, 1 Disc",,2014-02-02
1024844,BL84435,,473977,"Bob The Builder - Bob's Big Plan, 1 Disc",,2013-12-29
1024845,BL84436,,473978,"Bob The Builder - Project: Build It! - Chip Off The Old Block, 1 Disc",,2014-01-12
1024935,BL84541,,473993,"Chuggington:Let's Ride The Rails, 1 Disc",,2014-01-29
1024962,BL84543,,473999,"Life, 4 Discs",,2014-01-30
1024981,BL84546,,474005,"Gangs Of New York, 2 Discs",,2014-01-28
1025011,BL84549,,474008,"Tune in Tomorrow, 1 Disc",,2014-01-31
1025034,BL84550,,474012,"Yanks, 1 Discs",,2014-01-02
1025039,BL84551,,474014,"Jeremy Clarkson:War Stories, 1 Disc",,2014-01-22
1025043,BL84552,,474015," Judi Dench Collection, 6 Discs",,2014-01-19
1025349,BL84555,,474045,"New Tricks - Series 3, 3 Discs",,2014-01-07
1025389,BL84558,,474051,"New Tricks: Series 2, 3 Discs",,2014-01-21
1025397,BL84559,,474052,"Very Annie Mary, 1 Disc",,2014-01-16
1025422,BL84560,,474053,"Dennis And Gnasher - Masters Of Mayhem, 1 Disc",,2014-01-19
1025477,BL84438,,474064,"Bob The Builder - Project: Build It! - Super Speedy Benny, 1 DVD",,2014-01-12
1025487,BL84561,,474068,"Tales Of Mrs Tiggy Winkle and Mr.Jeremy Fisher and other stories, 1 Disc ",,2014-01-22
1025490,BL84441,,474070,"Bob the Builder Bob's Top Team, 1 Disc",,2014-02-02
1025527,BL84525,,474078,"Balamory - Musical Stories, Disc 1",,2014-01-18
1025532,BL84564,,474079,"Whistleblower, 1 Disc",,2014-02-02
1025541,BL84527,,474083,"Dont Be Afraid Of The Dark, Disc 1",,2013-10-31
1025544,BL84443,,474084,"Fireman Sam - Towering Inferno, 1 Disc",,2014-01-12
1025561,BL84531,,474092,"Wuthering Heights DVD Juliette Binoche, Ralph Fiennes, Janet McTeer, Sophie War, Disc 1",,2014-01-16
1025563,BL84444,,474091,"Fireman Sam - Let it Snow,1 Disc",,2014-01-18
1025568,BL84532,,474097,"Unconditional Love, Disc 1",,2014-01-30
1025584,BL84448,,474103,"Fireman Sam - The Big Freeze,1 Disc",,2013-12-26
1025596,BL84450,,474106,"Fireman Sam - The New Hero Next Door, 1 Disc",,2014-01-23
1025599,BL84452,,474107,"Fireman Sam - Red Alert, 1 Disc ",,2014-01-19
1025601,BL84535,,474108,"Life In The Freezer, Disc 1",,2013-03-22
1025605,BL84454,,474084,"Fireman Sam - Towering Inferno, 1 Disc",,2014-01-12
1025611,BL84456,,474111,"Fireman Sam - Sticky Situation, 1 Disc",,2014-02-02
1025612,BL84537,,474112,"Life In The Undergrowth, Disc 2",,2014-01-19
1025617,BL84457,,474113,"Fireman Sam - Triple Pack, 3 Disc",,2014-01-19
1025627,BL84466,,474114,"Peppa Pig Triple Pack - Peppa's Christmas, Princess Peppa, Sir George the Brave and The Fire Engine, 3 Disc",,2014-02-02
1025632,bl84538,,474115,"George Bernard Shaw Collection, Disc 8",,2014-01-21
1025633,BL84458,,474116,"Peppa Pig - Cold Winter Day,  1 Disc",,2013-12-26
1025634,BL84459,,474117,"Peppa Pig Muddly Puddles / Flying A Kite / New Shoes, 3 Discs",,2014-01-05
1025635,BL84460,,474118,"Peppa Pig - Potato City, 1 Disc",,2014-01-29
1025638,BL84461,,474119,"Peppa Pig - New Shoes And Other Stories, 1 Disc",,2014-02-01
1025646,BL84465,,474117,"Peppa Pig Muddly Puddles / Flying A Kite / New Shoes, 3 Discs",,2014-01-19
1025652,BL84463,,474122,"Peppa Pig - Piggy In Middle, Birthday Party and Bubbles",,2014-02-01
1025654,BL84540,,474123,"Stranger Than Fiction, Disc 1",,2014-01-11
1025694,BL84468,,474138,"Dora The Explorer - Dance To The Rescue, 1 DVD",,2014-01-21
1025696,BL84469,,474140,"Dora The Explorer - Pirate Adventure, 1 Disc",,2014-02-02
1025718,BL84603,,474152,"Wives And Daughters, 2 Discs",,2014-01-21
1025738,BL84604,,474163,"Cranford, 2 Discs",,2014-01-19
1025739,BL84572,,474164,"Chuggington - Rattling Rivets, Disc 1",,2014-01-18
1025747,BL84575,,474168,"Sherlock - Series 2 - Complete, Disc 2",,2014-01-12
1025757,BL84578,,474171,"Interview With The Vampire, Disc 1",,2014-02-02
1025761,BL84605,,474172,"Detectives - Series 3, 1 Disc ",,2014-01-28
1025765,BL84579,,474174,"Canterbury Tales, Disc 2",,2014-02-01
1025767,BL84580,,474175,"Sanctum, Disc 1",,2014-02-01
1025783,BL84584,,474179,"Abigail's Party, Disc 1",,2014-01-18
1025881,BL84587,,474183,"Macbeth, Disc 1",,2014-01-12
1025889,BL84590,,474189,"Sparkhouse, Disc 1",,2014-01-21
1025890,BL84591,,474190,"Balamory - Games And Fun For Everyone, Disc 1",,2013-12-29
1025891,BL84592,,474191,"Life In Cold Blood, Disc 2",,2013-12-26
1025895,BL84593,,474192,"Chuggington - Chuggers On Safari, Disc 1",,2014-01-04
1025978,BL84430,,473972,"Bob The Builder - Let's Scram!, 1 Disc",,2014-02-02
1025979,BL84470,,474198,"Teletubbies Oooh!, 1 Disc",,2014-01-25
1025980,BL84471,,474199,"Teletubbies Again Again!, 1 Disc",,2014-01-25
1025989,BL84474,,474204,"Barney - Riff's Musical Zoo, 1 Disc",,2013-03-09
1026151,BL84598,,474374,"Chuggington:Traintastic Crew, 1 Disc",,2014-01-31
1026159,BL84596,,474376,"Bridge on the River Kwai ,2 Disc",,2013-07-03
1026163,BL84595,,474378,"How About You, 1 Disc",,2014-01-16
1026237,BL84475,,474388,"Barney - The Best Of Barney, 1 Disc ",,2014-01-24
1026238,BL84476,,474389,"Barney - Land Of Make Believe, 1 Disc",,2013-12-29
1026239,BL84477,,474390,"Barney - Beach Party, 1 Disc",,2014-01-07
1026243,BL84607,,474391,"Nicholas Nickleby, 1 Disc",,2014-01-23
1026247,BL84478,,474392,"Barney - Please And Thank You, 1 Disc",,2014-02-02
1026249,BL84479,,474394,"Barney's Night Before Christmas, 1 Disc",,2014-01-31
1026276,BL84612,,474401,"Im Alright Jack, 1 Disc",,2014-02-02
1026285,BL84613,,474402,"Anne Of The Thousand Days, 1 Disc",,2013-12-29
1026325,BL84616,,474407,"Trip, 2 Discs ",,2014-01-25
1026359,BL84480,,474414,"The Story Of Tracy Beaker - Farewell From Me? - Series 5, 1 DVD",,2014-01-18
1026362,BL84481,,474415,"The Story of Tracy Beaker - Totally Me Series Four,1 Disc",,2014-01-19
1026376,BL84487,,474423,"Tweenies It's Christmas, 1 Disc",,2014-01-25
1026423,BL84620,,475011,"39 Steps , 1 Disc",,2014-01-02
1026466,BL84622,,475020,"Richard Hammond's Journey To The Centre Of The Planet,1 Disc",,2013-12-28
1026470,BL84623,,475023,"Top Gear: The Challenger 3, 2 Discs ",,2014-01-23
1026474,BL84624,,475025,"Terror on the Britannic, 1 Disc",,2014-02-02
1026515,BL84488,,475031,"Tweenies Jungle Adventure - Exclusive never seen on TV!,1 Disc",,2014-02-02
1026519,BL84489,,475033,"Tweenies Let's Play Carry Me DVD, 1 Disc",,2014-01-16
1026678,BL84490,,475045,"Harry And His Bucket Full Of Dinosaurs, 1 Disc ",,2013-12-26
1026679,BL84491,,475046,"Harry And His Bucketful Of Dinosaurs - Super Harry, 1 Disc",,2014-01-19
1026683,BL84494,,475048,"Tractor Tom - Baa Baa Tom Sheep, 1 Disc",,2014-01-11
1026686,BL84493,,475051,"Noddy: The Rainbow Chaser, 1 Disc ",,2014-01-31
1026690,BL84495,,475052,"Tractor Tom Hide and other stories, 1 Disc ",,2014-01-11
1026693,BL84496,,475053,"Tractor Tom - Hide And Seek, 1 Disc",,2014-01-29
1026701,BL84498,,475055,"Tractor Tom - The New Scarecrow And Other Stories, 1 Disc",,2014-01-11
1026808,BL84633,,475177,"Alan Bennett At The BBC, 4 Discs",,2014-01-18
1026822,BL84635,,475179,"Queen's Palaces with Fiona Bruce, 1 Disc",,2013-12-26
1026826,BL84636,,475180,"Torchwood: Series-1, 7 Discs",,2013-11-12
1026842,BL84639,,475183,"Robin Hood : Series-1, 5 Discs",,2014-01-18
1026911,BL84502,,475188,"Roary The Racing Car - Christmas bumper collection, 1 Disc",,2014-01-17
1026914,BL84504,,475190,"Rupert and the Giant Egg Race, 1 Disc",,2014-01-31
1026915,BL84505,,475191,"Gnomeo and Juliet, 1 Disc",,2014-02-01
1026923,BL84643,,475199,"2010 The Year We Make Contact, 1 Disc",,2014-01-25
1026925,BL84507,,475201,"Miracle on 34th Street, 1 Disc",,2014-01-18
1026940,BL84508,,475207,"BACK TO THE FUTURE: PART 2",,2014-01-12
1026949,BL84510,,475209,"Boogie Beebies - Get ready to boogie!, 1 Disc",,2014-01-25
1026962,BL84512,,475215,"Pop Star Girls, 1 Disc",,2014-01-18
1026965,BL84647,,475216,"Red Dwarf: Just The Smegs, 1 Disc ",,2014-01-11
1026976,BL84513,,475219,"The Sooty Show, 1 Disc",,2014-02-01
1026977,BL84673,,475220,"Ganges, 1 Disc  ",,2014-01-28
1026978,BL84648,,475221,"Angelina Ballerina, Disc 1",,2014-01-21
1027007,BL84665,,475230,"Great Expectations, 1 Disc",,2014-01-12
1027011,BL84652,,475232,"Cbeebies Get Set Go",,2014-01-04
1027017,BL84653,,475236,"Thunderbirds, Disc 1",,2014-01-25
1027045,BL84661,,475242,"Horrible Histories, 3 Disc",,2013-12-28
1027053,BL84662,,475244,"The Sooty Show, Disc 1",,2013-12-01
1027057,BL84667,,475246," Titty Bang Bang : Series- 2,1 Disc ",,2014-02-01
1027060,BL84668,,475247,"Natural World Collection, 2 Discs",,2014-01-16
1027073,BL84659,,475254,"The Railway Children",,2014-02-01
1027077,BL84671,,475256,"Heartbeat:Series-9, 6 Discs",,2014-01-25
1027079,BL84660,,475257,"The Wind In The Willows, 4 Discs",,2014-01-19
1027088,BL84656,,475261,"The Christmas Twins, Disc 1",,2014-01-15
1027092,BL84674,,475262,"Way We Live Now, 2 Discs",,2014-01-30
1027095,BL84655,,475264,"Mr. Bean, Disc 1",,2013-12-31
1027101,BL84675,,475266,"He Knew He Was Right, 2 Discs",,2014-01-07
1027102,BL84654,,475268,"Postman Pat",,2014-02-02
1027114,BL84677,,475279,"In Search Of The Trojan War, 2 Discs",,2014-01-19
1027123,BL84679,,475285," In The Footsteps Of Alexander the Great, 2 Discs ",,2014-01-12
1027132,BL84680,,475286,"Conquistadors, 1 Disc",,2014-01-12
1027162,BL84684,,475297,"Only Fools & Horses:Modern Men, 1 Disc",,2014-02-02
1027185,BL84686,,475301,"Great Expectations, 1 Disc",,2014-01-04
1027194,BL84687,,475304,"Andes To Amazon, 2 Discs ",,2014-01-23
1027292,BL84692,,475324,"Waking The Dead:The Fall And Mask Of Sanity - Series 6 ",,2014-01-30
1027319,BL84696,,475335,"Warner Home Video Inception, 1 Disc ",,2013-08-21
1027367,BL84700,,475351,"Drive, 1 Disc ",,2014-01-18
1027412,BL84701,,475354,"David Attenborough's Life On Land, 15 Discs ",,2014-01-31
1027422,BL84702,,475355,"Macbeth, 1 Disc ",,2014-01-18
1027427,BL84703,,475356,"Clockwork Orange, 1 Disc ",,2014-01-10
1027441,BL84706,,475361,"It Always Rains On Sunday, 1 Disc ",,2014-01-25
1027747,BL84473,,475445,"Teletubbies Time for Teletubbies, 1 Disc",,2014-02-02
1027776,BL84500,,475465,"Bobinogs - Sounds Sensational & Other Stories, 1 Disc ",,2014-02-02
1027960,BL84713,,475546,"First Men In The Moon, 1 Disc ",,2014-01-29
1027965,BL84715,,475549,"28 Days Later, 1 Disc",,2014-01-11
1028631,BL84718,,476282,"Tinker Tailor Soldier Spy, 2 Discs ",,2014-02-02
1028643,BL84720,,476287,"Top Gear The Challenges, Vol 1, 1 Disc",,2014-01-23
1028644,BL84721,,476289,"Top Gear The Challenges Vol 2, 1 Disc",,2013-12-27
1028658,BL84725,,476303,"Life And Adventures Of Nicholas Nickleby, 1 Disc",,2013-12-24
1028663,BL84727,,476309,"Topsy Turvy, 1 Disc",,2014-01-31
1028664,BL84728,,476310,"Caravaggio, 1 Disc",,2014-01-05
1028670,BL84730,,476315,"Our Mutual Friend, 2 Discs ",,2014-01-29
1028731,BL84736,,476335,"Our Mutual Friend, 2 Discs",,2014-01-04
1028749,BL84740,,476338,"Dickens Of London, 2 Discs",,2014-01-24
1028767,BL84744,,476348,"Two Ronnies: Series -2, 2 Disc ",,2014-01-31
1028768,BL84745,,476349," Bad Timing, 1 Disc",,2014-01-15
1028828,BL84750,,476381,"Old Curiosity Shop, 2 Discs",,2013-12-31
1029210,BL84755,,476509,"George Harrison:Living In The Material World, 2 Discs ",,2014-01-29
1029251,BL84757,,476512,"Monkey Dust :Series-1, 1 Disc",,2014-01-31
1029268,BL84758,,476513,"Innocents, 1 Disc ",,2014-02-02
1029450,BL84769,,476550,"Attack The Block, 2 Discs",,2013-09-19
1029459,BL84770,,476551,"Normans, 2 Discs ",,2014-01-11
1029561,BL84771,,476561,"Man Friday, 1 Disc",,2014-01-11
1029612,BL84775,,476565," Lonely Place To Die, 1 Disc",,2014-01-23
1029641,BL84778,,476570,"Sorry :Series- 2 , 1 Disc ",,2014-01-31
1029643,BL84779,,476571,"Long Day Closes, 1 Disc",,2014-02-01
1029672,BL84780,,445164,"The Pickwick Papers, 1 Disc",,2014-01-28
1029675,BL84781,,445164,"The Pickwick Papers, 1 Disc",,2013-12-03
1030096,BL84786,,477738,"I Know Where I`M Going, 1 Disc ",,2014-01-24
1030101,BL84787,,477739,"Dad's Army: Series 1-9, 14 Discs",,2014-01-02
1030185,BL84788,,477750,"Importance Of Being Earnes, 1 Disc",,2014-01-25
1030204,BL84793,,461598,"Silent Witness - Series 7 & 8 (DVD)",,2014-01-22
1030205,BL84794,,461880,"Ratcatcher , 1 Disc "," Ramsay,  Lynne",2014-01-25
1030228,"BL84796 ",,477754,"Monocled Mutineer, 2 Discs",,2014-01-12
1030230,BL84797,,477755,"Zulu, 1 Disc",,2014-02-02
1030231,BL84798,,461323,"Waking The Dead:Substitute and EndgameSeries 8, 2 Discs",,2014-01-29
1030232,BL84799,,477756,"Waking The Dead:Magdalene 26 and End of the night:Series 8, 2 Discs ",,2014-01-04
1030287,BL84801,,477797,"I Am David, 1 Disc",,2014-01-31
1030390,BL84810,,477808,"Silent Witness : Series -2, 2 Discs",,2014-01-29
1030454,BL84812,,477812,"Einstein And Eddington, 1 Disc",,2014-02-01
1030619,BL84814,,477828,"Getting On:Series- 1, 1 Disc ",,2014-01-28
1030625,BL84815,,477829,"Lion In Winter, 1 Disc",,2014-01-25
1030654,BL84817,,477833,"Monarch Of The Glen:Series-1-4,12 Discs",,2014-01-11
1030672,BL84818,,477834,"Monarch Of The Glen :Series- 5-7, 10 Discs",,2014-01-11
1030701,BL84820,,477913,"Carry On Screaming, 1 Disc",,2014-01-12
1030714,BL84822,,477915,"Lady Jane, 1 Disc",,2014-01-16
1030718,BL84823,,477916,"Rocket Post, 1 Disc",,2014-01-30
1030986,BL84829,,477948,"Page Eight, 1 Disc ",,2013-03-22
1030990,BL84830,,477951,"Great Gatsby, 1 Disc",,2014-01-10
1031072,BL84834,,478069,"Wetherby, 1 Disc",,2014-01-28
1031112,BL84835,,478070,"House Of Mirth, 1 Disc ",,2014-01-12
1031114,BL84836,,478072,"Hanna, 1 Disc",,2014-01-23
1036606,BL84840,,454539,"Aristocrats (TV mini-series 1999) (DVD)","Caffrey,David",2014-01-30
1036610,BL84888,,454645,"X-Men: First Class (DVD)","Vaughn,Matthew",2014-01-18
1036615,BL84893,9780230000000,58223,"Touching the Void: Intermediate","Simpson, Joe",2014-01-31
1036624,BL84897,,464045,"Snatch. (dvd)","Ritchie,Guy",2014-02-02
1036626,BL84898,,454570,"Fright Night (DVD)","Gillespie,Craig",2014-01-12
1036628,BL84842,,464086,"Heartbeat - Series 10","Curry,Martin",2014-01-03
1036629,BL84900,,464048,"Entrapment (dvd)","Amiel,Jon",2014-01-07
1036631,BL84901,,463740,"Balamory - Days Out (DVD)",,2014-01-31
1036646,BL84964,,464051,"The First Men in the Moon (dvd)","Thomas,Damon",2014-02-02
1036649,BL84966,,464009,"Human Body (DVD)",,2014-01-18
1036651,BL84963,,464008,"How We Built Britain (DVD)",,2014-01-28
1036653,BL84906,,100969,"Saving Grace",,2013-11-29
1036661,BL84908,,465087,"My week with Marilyn",,2014-01-03
1036678,BL84959,5014503223021,461092,"Beatrix Potter: World of Peter Rabbit and Friends","Beatrix Potter",2014-01-28
1036688,BL84846,,478834,"BBCs Great Comedy Moments, 1 Disc ",,2013-12-24
1036702,BL84918,,51457,"Sherlock Holmes","Sarah Hellings",2014-01-25
1036704,BL84847,,478838,"Elizabeth R, 3 Disc",,2014-01-18
1036705,BL84919,,246615,"The Cry of the Owl, 1 Disc",,2014-01-28
1036708,BL84920,,463510,"Balamory - Rain Or Shine (DVD)",,2014-01-16
1036731,BL84922,,474360,"Perfect Sense (DVD)","Mackenzie,David",2014-01-25
1036738,BL84848,,473431,"Definitely, Maybe (dvd)","Brooks,Adam",2014-01-22
1036749,BL84850,,474506,"Will ","Perry,Ellen",2014-01-18
1036754,BL84851,,246620,"The Soloist, 1 Disc",,2014-01-25
1036757,BL84859,,474725,"Red Road ","Arnold,Andrea",2014-02-02
1036764,BL84860,,474718,"Mission: Impossible - Ghost Protocol ","Bird,Brad",2014-01-25
1036780,BL84862,,463976,"Clarkson: The Good, The Bad, The Ugly (DVD)","Klein,Brian",2013-12-27
1036781,BL84863,,463973,"Clarkson - Thriller (DVD)","Klein,Brian",2014-01-22
1036787,BL84864,,464077,"New Tricks - Series 4","McCrey,Nigel",2013-11-12
1036795,BL84865,,474710,"In Time ","Niccol,Andrew",2014-01-25
1036796,BL84970,,474681,"Ali ","Mann,Michael",2014-02-01
1036828,BL84868,,474715,"Me and Orson Welles ","Linklater,Richard",2014-02-02
1036833,BL84869,,474709,"Haywire ","Soderbergh,Steven",2014-02-01
1036849,BL84972,,464019,"Jeremy Clarkson - Most Outrageous (DVD)",,2014-01-22
1036872,BL84973,9780230284135,251103,Coriolanus,"William Shakespeare; Jonathan Bate; Eric Rasmussen",2014-01-18
1036875,BL84852,,474739,"The Grey ","Carnahan,Joe",2014-01-08
1037311,BL84871,,474738,"The Girl with the Dragon Tattoo ","Fincher,David",2014-01-18
1037312,BL84872,,474687,"Brave ","Andrews, Mark",2014-01-28
1037380,BL84875,,454580,"Kung Fu Panda 2 (DVD)","Yuh,Jennifer",2013-12-22
1037384,BL84876,,474684,"Battleship ","Berg,Peter",2014-01-18
1037387,BL84877,,474677,"A Cry in the Dark ","Schepisi,Fred",2014-01-28
1037545,BL84879,,474750,"Underworld: Awakening ","Mr̄lind,Mn̄",2014-01-25
1037715,BL84882,,468625,"The Rite (DVD)",,2014-01-16
1037751,BL84885,,474753,"Warrior ","O'Connor,Gavin",2014-01-05
1037758,BL84886,,464041,"Wallace And Gromit - 3 Cracking Adventures (DVD)",,2013-12-21
1037894,BL84855,,310464,Greenfingers,,2014-01-11
1037901,BL85019,,451219,"Balamory - Archie's Inventions (DVD)",,2014-01-25
1037903,BL84856,,473416,"Dark Shadows (dvd)","Burton,Tim",2014-01-18
1037907,BL84953,,474458,"Happy Ever Afters ","Burke,Stephen",2014-01-10
1037910,BL85000,,474682,"Anonymous ","Emmerich,Roland",2013-05-31
1037922,BL85001,,474730,"Sherlock Holmes: A Game of Shadows ","Ritchie,Guy",2014-01-18
1037924,BL85002,,474711,"Is Anybody There? ","Crowley,John",2014-01-11
1037929,BL85003,,474691,"Contraband ","Kormk̀ur,Baltasar",2014-01-25
1037937,BL84926,,464401,"Jeremy Clarkson - Heaven And Hell (DVD)",,2014-01-05
1037938,BL85028,,479112,"Drop the Dead donkey Series 4",,2014-01-18
1037943,BL85005,,474752,"Unknown ","Jaume Collet-Serra",2014-01-17
1037957,BL85033,,467806,"The life of mammals ",,2014-01-11
1037959,BL85008,,474756,"Wind Chill ","Jacobs,Gregory",2014-01-25
1037964,BL85009,,474688,"Breaker Morant ","Beresford,Bruce",2014-01-17
1037967,BL85038,,463938,"Balamory - Seeking Santa (DVD)",,2014-01-19
1037974,BL85044,,464014,"Jane Austen Collection (DVD)",,2014-01-28
1037977,BL85046,140587953X,450419,"Emma: Level 4","Austen, Jane",2014-01-25
1038033,BL84941,,449173,"The Conspirator (DVD)","Redford,Robert",2014-01-12
1038036,BL84935,,463966,"Chuggington - Wheels To The Rails (DVD)","Ball,Sarah",2014-02-02
1038040,BL84943,9781848358348,475531,Macbeth,"Caroline Plaisted",2013-12-28
1038041,BL84942,,454630,"This is England (DVD)","Meadows, Shane",2014-01-05
1038044,BL84952,,396965,"The Princess Bride (DVD)","Reiner,Rob",2014-01-28
1038046,BL84950,,449152,"Born Romantic (DVD)","Kane,David",2014-02-02
1038048,BL84938,,474686,"Borat: Cultural Learnings of America for Make Benefit Glorious Nation of Kazakhstan ","Charles,Larry",2014-01-04
1038175,BL84939,,479150,"Diary Of A Wimpy Kid 2, 1 Disc ",,2014-01-18
1038232,BL85048,,474695,"Daybreakers ","Spierig,Michael",2014-01-23
1038263,BL85050,,474734,"The Best Exotic Marigold Hotel ","Madden,John",2014-02-01
1038272,BL85051,,474727,"Salmon Fishing in the Yemen","Hallstrm̲,Lasse",2014-01-05
1038279,BL84975,9781906147457,13075,"The Jane Austen collection.","Jane Austen",2014-01-19
1038294,BL85053,,461470,"Noel Coward Collection (DVD)",,2014-01-29
1038314,BL84977,,463981,"Comedy Greats - Tommy Cooper (DVD)",,2014-02-02
1038324,BL85056,,474713,"London Boulevard ","Monahan,William",2014-01-18
1038329,BL84979,,474737,"The Disappearance of Alice Creed ","Blakeson,J",2014-01-11
1038331,BL84985,,467512,"Frozen Planet (DVD)",,2014-02-01
1038338,"BL84980 ",,454572,"Great British Railway Journeys (TV Series 2010) (DVD)","Beers,Marc",2013-12-11
1038340,BL85058,,176338,"Are you being Served?",,2014-01-11
1038341,BL85059,,479192,"Between the Lines: Series 1, 4 Disc",,2014-01-04
1038342,BL84981,,464011,"I Claudius (DVD)",,2014-01-21
1038365,BL85060,,178393,"Band of Brothers","Ambrose, Stephen E.",2013-12-26
1038384,BL85061,,479200,"Bergerac - The Series 3, 3 Disc",,2014-01-08
1038390,BL85062,,479202,"Bergerac - The Series 4",,2014-01-08
1038391,BL85063,,479203,"Bergerac - The Series 5, 3 Disc",,2014-01-08
1038523,BL85067,,479215,"Bergerac - The Series 9, 3 Disc",,2014-01-08
1040048,BL84944,,454624,"The Miracle Maker (DVD)","W. Hayes,Derek",2014-01-25
1040050,"BL84946 ",,454551,"Brothers (DVD)","Sheridan,Jim",2014-02-01
1040066,bl84948,,177865,"The Lady vanishes, Love story: Margaret Lockwood Collection","Hitchcock, Alfred.",2014-01-15
1041757,BL84990,,474721,"No Reservations","Hicks,Scott",2013-12-28
1041758,BL84991,,474746,"The Vow","Sucsy,Michael",2014-01-10
1043961,BL85057,,14873,"Messiah Vol.3 & 4(2 disc)","Drury David,Unwin Paul",2014-01-21
1052441,BL84790,9781405862448,456117,"The Go-Between (Includes 5 Disc)","John, Roland",2014-02-01
1058801,BL84992,,491690,"Love's Labour's Lost ,1 Disc ",,2014-01-30
1058848,BL84996,,491694,"Importance of Being Earnest ,1 Disc",,2014-01-07
1058866,BL84998,,491717,"Lion in Winter , 1Disc ,",,2014-01-09
1058969,BL85075,,491724,"Heat and Dust .1 Disc.",,2014-02-01
1059001,BL85077,,491727,"Salmon Fishing in the Yemen ,1Disc,",,2013-12-07
1059007,BL85079,,491730,"Special Relationship ,1Disc, ",,2014-01-11
1059026,BL85084,,491740,"Great Escape: World Cup ,1Disc,",,2014-01-25
1059046,BL85087,,491743,"Centurion,1Disc,",,2014-01-25
1059051,BL85088,,491744,"Deep Water ,1Disc,",,2014-01-17
1059106,BL84983,,491750,"It's A Wonderful Afterlife,1 disc.",,2014-01-18
1059135,BL85096,,491753,"Duchess. 1 disc.Directed by  Saul Dibb starring 	 Keira Knightley, Ralph Fiennes, Charlotte Rampling, Dominic Cooper, Hayley Atwell, Simon McBurney, Aidan McArdle, John Shrapnel, Alistair Petrie, Patrick Godfrey, Michael Medwin",,2014-01-09
1059171,BL85101,,491758,"Adulthood .1 Disc.",,2014-01-30
1059273,BL85110,,491767,"Room for Romeo Brass,1Disc,",,2014-01-28
1059282,BL85111,,491768,"Entrapment ,1Disc,",,2014-01-18
1059290,BL85113,,491770,"Fire in Babylon,1Disc,",,2014-01-11
1059306,BL85118,,491775,"Tamara Drewe ,1Disc.",,2014-02-02
1059308,BL85119,,491776,"Mary Shelley's Frankenstein ,1 Disc,",,2014-01-18
1059311,BL85120,,491778,"Meerkats - The Movie 1 Disc, ",,2014-01-11
1059319,BL85123,,491780,"Thick of It: Specials ( Series  2), 2 Discs ,",,2014-01-18
1059321,BL85124,,491781,"Thick of It: Series 3 ,2Discs,",,2014-01-19
1059337,BL85126,,491783,"War You Don't See,1Disc, ",,2013-12-15
1059351,BL85127,,491784,"Red Shoes:,2Discs,",,2014-01-16
1059366,BL85128,,491786," Oliver Twist , 1 Disc ,",,2014-01-05
1059400,BL85138,,491795,"Exit Through the Gift Shop ,1Disc,",,2014-01-19
1059403,BL85139,,491796,"Life and Death of Colonel Blimp ,1Disc,",,2013-12-26
1059406,BL85140,,491797,"Meet the Romans ,2Discs",,2014-01-09
1059445,BL85142,,491798,"Private Peaceful ,1 Disc,",,2014-01-17
1059448,BL85144,,491802,"Casino Royale,1Disc,",,2014-01-25
1059449,BL85145,,491803,"How Art Made the World,2Discs,",,2014-01-21
1059470,BL85149,,491821,"Withnail and 1,1Disc.",,2014-01-16
1059578,BL85162,,491834,"Genius of Design ,2 Discs .",,2014-01-12
1059584,BL85164,,491836,"Simon Schama: The Power of Art ,3 Discs , ",,2014-02-02
1059587,BL85165,,491837,"Long Day Closes .1 Disc. ",,2014-01-28
1059591,BL85166,,491838,"Ascent of Man,4Discs,",,2014-01-29
1059608,BL85168,,491839,"Sherlock: Series 2 ,4 Discs ",,2014-01-19
1059616,BL85167,,491841,"Blue Planet,4Discs,",,2014-02-02
1059627,BL85170,,491842,"Story of Film - An Odyssey ,5Discs,",,2013-12-08
1059737,BL85154,,491848,"In the Shadow of the Moon ,1 Disc. ",,2014-01-24
1059740,BL85156,,491849,"Pride and Prejudice,1 Disc, ",,2014-01-31
1059741,BL85155,,491850,"King's Speech,1 Disc, ",,2013-12-15
1059746,BL85175,,491854,"East Is East,1 Disc, ",,2014-01-30
1059752,Bl85178,,491857,"Birthday Girl ,1 Disc,",,2013-12-31
1059824,BL85183,,491874,"State of Play,1disc ",,2014-01-12
1059826,BL85185,,491876,"Moon,1Disc,",,2014-01-30
1059830,BL85187,,491878,"Harry Potter and the Deathly Hallows,2Disc,",,2014-02-02
1059834,BL85189,,491880," Abraham Lincoln - Vampire Hunter ,1Disc,",,2014-01-07
1059836,BL85190,,491881,"Cashback ,1Disc,",,2014-02-01
1059840,BL85192,,491883,"Touch of Class,1  Disc,",,2014-01-29
1060026,BL85195,,491887,"Harry Potter and the Philosopher's Stone, 2 Discs ",,2014-01-29
1060027,BL85196,,491888,"Harry Potter:Prisoner of Azkaban/Goblet of Fire,2Discs,",,2014-01-11
1060176,BL85197,,491912,"Tempest ,1 Disc,",,2014-02-02
1060186,BL85198,,491914,"Outnumbered,6 Discs, ",,2013-12-29
1060385,BL85200,,491983,"Imposter ,1Disc",,2013-12-27
1063549,BL85132,,491789,"Andrew Marrs History Of Modern Britain Edizione: Regno Unito 2 Discs",,2014-01-18
1064161,BL85080,,188225,"Miss Julie",,2014-02-02
1078885,BL85083,,445073,"Nanny McPhee, 1 Disc",,2014-02-01
1078918,BL85169,,491839,"Sherlock: Series 2 ,4 Discs ",,2014-01-05
1090881,BL85011,,474702,"Everything Must Go ","Rush,Dan",2014-02-02
1100395,BL85012,,510780,"Joe Strummer: The Future Is Unwritten (dvd)","""Temple,Julien""",2014-01-04
1100401,BL85201,,488516,"Shaun of the Dead  (DVD)","Wright,  Edgar ",2014-01-18
1100402,BL85202,,474474,"Prometheus ","Scott,Ridley",2014-02-02
1100406,BL85205,,15487,"Harry Brown","Barder, Daniel",2014-01-19
1100411,BL85206,,489212,"Eden Lake (DVD)","Watkins, James",2014-01-19
1100413,BL85207,,489210,"Doghouse (DVD)","West,Jake",2013-12-22
1100416,BL85209,,474732,"The Amazing Spider-Man ","Webb,Marc",2014-01-18
1100417,BL85252,,489329,"Brylcreem Boys (DVD)","Ryan,  Terence ",2014-01-30
1100419,BL85210,,474735,"The Cry of the Owl ","Thraves,Jamie",2014-02-02
1100420,bl85211,,489257,"Amazing Grace (1 Disc) ","Apted,Michael",2014-02-01
1100439,BL85214,,486241,"Naked (dvd)","Leigh, Mike ",2014-02-02
1100450,BL85217,,467645,"The Libertine (DVD)","Dunmore,Laurence",2014-01-23
1100457,bl85218,,490569,"The Disappearance of Alice Creed (dvd)","Blakeson J",2014-02-01
1100486,BL85221,,490324,"Downton Abbey (TV Series 2010) Series 1 (DVD)","Fellowes,Julian",2014-01-25
1100492,BL85222,,486233,"Life in a Day (DVD)","Macdonald,Kevin",2014-01-16
1100504,BL85225,,489173,"Best Laid Plans (DVD) ","Blair,David",2014-01-25
1100509,BL85230,,489242,"As You Like It ( DVD )","Branagh,Kenneth",2014-02-01
1100510,BL85231,,489199,"Bend It Like Beckham (DVD) "," Chadha, Gurinder ",2014-01-25
1100531,BL85232,,467534,"Inception (DVD)",,2014-02-01
1100540,BL85233,,518906,"Making Mr Right","Seidelman, Susan",2014-01-25
1100545,BL85234,,510895,"In Love with Alma Cogan (dvd)","""Britten,Tony""",2014-02-01
1100553,bl85235,,510815,"Strike Back (2010 ) (dvd)","""Percival,Daniel""",2014-01-12
1100593,BL85236,,490549,"Love's Labour's Lost (DVD)","Branagh,Kenneth",2014-01-21
1100597,bl85237,,510760,"Comes a Bright Day (dvd)","""Aboud,Simon""",2014-02-02
1100610,bl85239,,518914,"Book Group: The Complete Second Series","Griffin, Annie",2014-01-25
1100611,BL85255,,510824,"The Comedian (dvd)","""Shkolnik,Tom""",2014-01-22
1100612,bl85240,,518915,"The Book Group: The Complete First Series","Griffin, Annie",2014-01-28
1100613,bl85241,,510924,"Porridge (DVD)","""Clement, Dick  """,2014-01-25
1100615,bl85242,,510775,"Hyde Park on Hudson (dvd)","""Michell,Roger""",2013-12-29
1100622,BL85258,,449166,"Paul (DVD)","Mottola,Greg",2014-02-02
1100625,bl85246,,510771,"Hot Fuzz (dvd)","""Wright,Edgar""",2013-12-27
1100632,bl85249,,489164,"The Prestige   (DVD)","Nolan, Christopher ",2013-12-29
1100633,bl85250,,510825,"The Dark Knight Rises (dvd)","""Nolan, Christopher""",2014-01-19
1100634,BL85263,,15073,"Martha Meets Frank, Daniel And Lawrence (DVD)","Hamm, Nick",2014-01-05
1100635,bl85281,,510813,"Song for Marion (dvd)","""Andrew Williams,Paul""",2014-01-21
1100636,BL85264,,510783,"Late Night Shopping (dvd)","""Metzstein,Saul""",2014-01-05
1100640,bl85284,,486246,"Personal Best (DVD)","Blair,Sam",2013-12-22
1100642,bl85285,,510774,"Hush Your Mouth (dvd)","""Tyrwhitt,Tom""",2014-01-21
1100643,bl85286,,486212,"Black Pond (dvd)","Kingsley,Tom",2014-01-23
1100647,bl85287,,510817,"Strike Back (2010 ) (dvd)","""Percival,Daniel""",2013-12-21
1100654,bl85289,,474683,"Arthur Christmas ","Smith,Sarah",2013-12-14
1100655,bl85290,,468587,"The Chronicles of Narnia: The Voyage of the Dawn Treader",,2014-01-11
1100662,bl85293,,489243,"Nanny McPhee (DVD)","Jones,  Kirk ",2014-01-25
1100663,BL85270,,489190,"360 (DVD)","Meirelles,Fernando",2014-01-19
1100664,bl85294,,510546,"Krd̲ Mñdoon and the Flaming Sword of Fire (dvd)","""Hardcastle,Alex""",2013-12-21
1100666,bl85295,,493153,"skyfall (dvd)",,2013-12-22
1100668,bl85296,,510880,"Edge (dvd)","""Morley,Carol""",2014-01-29
1100670,BL85274,,490550,"Lucky Break (DVD)","Cattaneo,Peter",2014-01-24
1100674,bl85299,,510654,"Hummingbird (dvd)","""Knight,Steven """,2014-02-01
1100675,bl85300,,510876,"Chocolat (DVD)","""Hallstrm̲,Lasse""",2014-02-02
1100676,BL85276,5030305515812,518917,"Angel's Share","Loach, Ken",2014-01-31
1100680,BL85278,,510739,"All in Good Time (dvd)","""Cole,Nigel""",2014-01-21
1100683,BL85301,,510773,"Hunger (dvd)",""" McQueen,Steve""",2014-01-21
1100685,BL85302,,510776,"I Give It a Year (dvd)","""Mazer,Dan""",2014-01-18
1100689,BL85304,,514613,"Everyday (fka 7 Days)","""Winterbottom,Michael""",2014-01-29
1100699,BL85306,,510759,"Cloud Atlas (DVD)","""Tykwer,Tom""",2014-01-18
1100704,BL85308,,510807,"Porterhouse Blue (DVD)","""Knights,Robert""",2014-01-11
1100705,BL85309,,510832,"The Lady (dvd)","""Besson,Luc""",2013-12-22
1100707,BL85310,,490548,"London River (DVD)","Bouchareb,Rachid",2014-01-29
1100710,BL85312,,490558,"Reign of Fire (DVD)","Bowman,Rob",2014-01-05
1100722,BL85316,,489216,"Sound it out(DVD)","Finlay,  Jeanie",2014-02-01
1100727,BL85317,,510833,"The Liability (dvd)","""Viveiros,Craig""",2014-01-11
1100728,BL85318,,489118,"Dreams of a Life (DVD)","Morley,Carol",2014-01-17
1100729,BL85320,,489289,"My Summer of Love (DVD)","Pawlikowski,Pawel",2013-12-29
1100730,BL85341,,492930,"Four Weddings and a Funeral",,2014-01-25
1100732,BL85321,,510828,"The Facility (dvd)","""Clark,Ian""",2014-01-11
1100735,BL85323,,486172,"Good Vibrations (dvd)",,2014-01-31
1100736,BL85324,,486177,"Weekend (DVD)","Haigh,Andrew",2014-01-31
1100738,BL85325,,510835,"The Space Between (dvd)","""Barrow,Tim""",2014-02-01
1100739,BL85326,,489173,"Best Laid Plans (DVD) ","Blair,David",2014-02-01
1100740,BL85327,,510836,"The Sweeney (dvd)","""Love,Nick""",2014-01-29
1100741,BL85328,,510838,"The Truth About Love (dvd)","""Hay,John""",2014-01-31
1100760,BL85346,,492980,"Wonders of Life",,2014-02-01
1100768,bl85348,,492953,"Monty Python's Life Of Brian",,2014-01-31
1100774,bl85349,,454642,"Wonders of the Solar System (TV mini-series 2010) (DVD)","Cox,Brian",2014-01-25
1100778,bl85351,,492956,"Nine Muses, The",,2014-01-25
1100781,bl85353,,486188,"My Brother the Devil (dvd)","El Hosaini,Sally",2014-02-01
1100783,bl85354,,467592,"Ratcatcher (DVD)"," Ramsay,  Lynne",2014-01-11
1100785,bl85355,,454643,"Wonders of the Universe (TV mini-series 2011) (DVD)","Cooter,Stephen",2014-01-19
1100797,bl85359,,492942,"Jane Eyre",,2014-01-18
1100799,bl85360,,492910,"Ancient Worlds",,2014-01-05
1100800,bl85361,,467644,"The Ladykillers (DVD)","Mackendrick,  Alexander ",2014-01-12
1100815,bl85366,,492913,"Arbor, The",,2014-02-02
1100816,BL85332,,469238,"Scrooge (DVD)","Hurst, Brian Desmond",2014-02-02
1100817,bl85367,,454581,"Lady Jane (DVD)","Nunn,Trevor",2013-12-27
1100822,bl85370,,489190,"360 (DVD)","Meirelles,Fernando",2014-01-19
1100824,BL85335,,510755,"Chalet Girl (dvd)","""Traill,Phil""",2013-12-31
1100825,bl85372,,490547,"Kick-Ass (DVD)","Vaughn,Michael",2014-01-25
1100826,BL85336,,510839,"The Winter Guest (dvd)","""Rickman,Alan""",2014-01-28
1100827,bl85373,,489329,"Brylcreem Boys (DVD)","Ryan,  Terence ",2014-01-25
1100828,bl85374,,467642,"The King's Speech (DVD)",,2014-02-02
1100830,BL85337,,510851,"Welcome to the Punch (dvd)","""Creevy,Eran""",2014-01-21
1100831,bl85376,,489135,"Salmon Fishing in the Yemen (DVD)","Hallstrm̲,Lasse",2014-01-10
1100835,BL85339,,510779,"Jake's Progress (dvd)","""Lefevre,Robin""",2014-01-21
1100836,bl85379,,490540,"Hamlet (DVD)","Branagh,Kenneth",2014-01-07
1100840,BL85401,,510741,"Ashes (dvd)","""Whitecross,Mat""",2014-01-11
1100842,BL85381,,490555,"Nanny McPhee and the Big Bang (dvd)","White,Susanna",2014-01-25
1100843,BL85382,,489309,"Revolutionary Road (DVD)","Mendes, Sam",2014-01-08
1100844,BL85383,,490576,"The Libertine (DVD)",,2014-01-25
1100847,BL85402,,449157,"Gnomeo & Juliet (DVD)","Asbury,Kelly",2014-01-11
1100849,BL85385,,489228,"For Your Eyes Only (2 DVD) ","Glen,  John ",2014-01-16
1100851,BL85386,,489297,"Closing the Ring (DVD)","Attenborough, Richard ",2014-01-18
1100852,BL85403,,489281,"Now Is Good (DVD)","Parker,Ol",2014-01-25
1100856,BL85388,,486224,"Hidden Agenda","Loach, Ken",2013-12-27
1100859,BL85405,,493157,"Brave (dvd)",,2014-01-19
1100860,bl85389,,510750,"Bridget Jones's Diary (DVD)","""Maguire,  Sharon""",2014-01-12
1100865,BL85426,,489258,"Enigma (DVD)","Apted,Michael",2014-01-18
1100870,bl85392,,489245,"HMS The Defiant (DVD)","Gilbert, Lewis  ",2014-01-17
1100873,bl85393,,449172,"Submarine (DVD)","Ayoade,Richard",2013-12-26
1100876,BL85427,9781409133827,452375,"House of Silk: The New Sherlock Holmes Novel","Anthony Horowitz",2014-01-22
1100877,bl85395,,489234,"Creation (DVD)","Amiel,Jon",2014-01-05
1100880,BL85407,,467671,"Trainspotting (DVD)","Boyle,  Danny",2014-02-02
1100882,BL85397,,486243,"One Day in September (dvd)","Macdonald,Kevin",2014-01-02
1100883,BL85398,,489283,"Cherry Tree Lane (dvd)","Williams,Paul Andrew",2013-12-28
1100884,BL85399,,454585,"Marchlands (DVD)","Kent,James",2013-12-28
1100885,BL85400,,490534,"For Your Eyes Only (2 DVD) ","Glen,  John ",2013-12-21
1100891,BL85431,,464053,"The Calling (dvd)","Dunn,Jan",2014-01-22
1100892,BL85441,,490528,"Closer (DVD)","Nichols,Mike",2014-01-24
1100894,BL85442,,489325,"The Queen (DVD)","Frears, Stephen ",2014-01-16
1100896,BL85443,,489260,"Shooting Dogs (DVD)","Caton-Jones,  Michael",2013-12-28
1100898,BL85445,,489159,"Ladies In Lavender (DVD)","Dance, Charles  ",2014-01-21
1100903,BL85410,,251972,"Elizabeth: The Golden Age (DVD)",,2014-01-19
1100904,BL85411,,489180,"Harry Potter and the Half Blood Prince (DVD)","Yates,David",2014-02-02
1100905,BL85447,,489206,"Wings Of The Dove (DVD)","Softley,  Iain ",2013-12-27
1100906,BL85448,,489269,"Centurion (DVD)","Marshall,Neil",2014-02-01
1100907,BL85412,,464045,"Snatch. (dvd)","Ritchie,Guy",2014-01-25
1100909,BL85450,,486213,"Bread And Roses (DVD)","Loach, Ken ",2014-01-21
1100915,BL85415,,489157,"Wilde (DVD)","Gilbert, Brian ",2014-01-22
1100916,bl85454,,467606,"Sherlock Holmes And The Case Of The Silk Stocking (DVD)",,2014-02-02
1100917,bl85455,,489129,"Shadow Dancer (DVD)","Marsh,James",2014-01-23
1100920,BL85456,,486197,"Mike Bassett: England Manager (dvd)","Barron,Steve",2014-01-05
1100922,bl85458,,474724,"Public Enemies ","Mann,Michael",2013-12-27
1100935,bl85459,,489145,"In the Dark Half (DVD)","Siddons,Alastair",2014-01-15
1100950,bl85462,,486263,"Vera Drake (DVD)","Leigh, Mike",2014-01-29
1100951,BL85435,,469278,"We Need to Talk About Kevin (DVD)","Ramsay,Lynne",2014-01-25
1100953,BL85436,,489289,"My Summer of Love (DVD)","Pawlikowski,Pawel",2014-02-01
1100955,bl85464,,489247,"Deep Water (DVD)","Osmond,Louise",2014-02-02
1100956,bl85465,,489314,"Dead Man's Shoes (DVD)","Meadows, Shane ",2014-01-11
1100958,bl85466,,486232,"Kill List (dvd)","Wheatley,Ben",2014-01-23
1100960,bl85468,,469222,"Muppet Christmas Carol (DVD)",,2014-01-25
1100961,bl85469,,486266,"With or Without You (dvd)","Winterbottom,  Michael ",2014-01-15
1100962,bl85470,,490570,"The Duchess (dvd)","Dibb,Saul",2014-01-25
1100964,BL85416,,490531,"Downton Abbey (TV Series 2010) Series 2","Fellowes,Julian",2014-01-25
1100965,BL85439,,486201,"The Claim (DVD)","Winterbottom,  Michael ",2014-01-29
1100966,BL85417,,489181,"Nativity! (DVD)","Isitt,Debbie",2013-12-15
1100971,BL85419,,486181,"Grabbers (dvd)","Wright,Jon",2014-01-18
1100972,bl85471,,489150,"House of Anubis (DVD) (TV Series)","Abela,Angelo",2014-01-18
1100975,BL85482,,486204,"A Mighty Heart (dvd)","Winterbottom,  Michael ",2014-01-19
1100980,BL85421,,474734,"The Best Exotic Marigold Hotel ","Madden,John",2014-01-04
1100985,bl85473,,486238,"Man on Wire (dvd)","Marsh,James",2014-01-11
1100987,BL85486,,518923,"Beach Boys: The Good Vibrations Tour",,2014-01-31
1100988,BL85425,,489306,"Notting Hill (DVD) "," Michell, Roger ",2014-01-11
1100991,BL85474,,490563,"Shame (DVD)","McQueen,Steve",2014-01-17
1100993,BL85475,,486265,"Wild Britain with Ray Mears (dvd)","Lee,Tony",2014-01-19
1100994,BL85476,,489211,"Heat and Dust (DVD) "," Ivory, James ",2014-01-28
1100995,BL85491,,490544,"Inception (DVD)",Kolkata,2014-01-21
1100996,BL85477,,489200,"Tortoise in Love (DVD)","Browning,Guy",2013-12-28
1100998,BL85479,,489172,"Goal! (DVD) (676587)","Cannon,Danny",2013-12-22
1101001,BL85492,,492937,"Hollow Crown, The (Shakespeare)",,2014-01-24
1101023,BL85493,,486210,"Best Of British Classic Comedy (dvd)","Crichton,Charles",2014-01-11
1101024,BL85516,,489251,"The Boy in the Striped Pyjamas (DVD)","Herman, Mark ",2014-01-23
1101031,bl85523,,489179,"Harry Potter and the Deathly Hallows: Part 1 (dvd)","Yates,David",2014-01-03
1101034,bl85524,,101511,"Starter for 10",,2014-01-21
1101039,BL85496,,489311,"Ballet Shoes (DVD)","Goldbacher,  Sandra ",2013-12-29
1101040,bl85527,,510746,"Black Pond (dvd)",Kingsley,2014-01-31
1101042,BL85497,,251978,"Hotel Rwanda (DVD)",,2014-01-29
1101044,bl85528,,490568,"The Deal (DVD)","Frears,Stephen",2013-12-27
1101052,bl85531,,489252,"Little Voice (DVD)","Herman,  Mark ",2014-01-25
1101055,bl85532,,510786,"Lucky Break (dvd)","""Cattaneo,Peter""",2014-01-16
1101058,BL85545,,486229,"In the Loop (DVD)","Iannucci,Armando",2014-01-22
1101059,bl85534,,489317,"Bridget Jones's Diary (DVD)","Maguire,  Sharon",2014-01-31
1101062,bl85535,,490586,"Wonders of the Solar System (TV mini-series 2010) (DVD)","Cox,Brian",2013-12-31
1101064,bl85536,,490557,"Pure (DVD)","MacKinnon,Gillies",2014-01-25
1101067,BL85548,,486243,"One Day in September (dvd)","Macdonald,Kevin",2014-01-17
1101068,bl85538,,490537,"Great British Railway Journeys (TV Series 2010) Season 1 (DVD)","Beers,Marc",2014-01-31
1101070,bl85539,,490538,"Great British Railway Journeys (TV Series 2010) Season 2 (DVD)","Beers,Marc",2014-01-31
1101071,BL85550,,489314,"Dead Man's Shoes (DVD)","Meadows, Shane ",2014-01-02
1101076,bl85540,,486227,"Ill Manors (dvd)","Drew,Ben",2013-12-28
1101078,BL85552,,489299,"Submarine (DVD)","Ayoade,Richard",2014-01-02
1101079,bl85561,,486221,"Fish Tank (dvd)","Arnold,Andrea",2014-01-29
1101081,BL85553,,489240,"Kinky Boots (DVD)","Jarrold,  Julian ",2013-12-27
1101082,bl85563,,486184,"In Bruges (dvd)","McDonagh,Martin",2014-01-23
1101084,BL85554,,489263,"Genova (DVD)","Winterbottom,Michael",2013-12-27
1101092,BL85566,,490574,"The Infidel (DVD)","Appignanesi,Josh",2014-02-02
1101096,BL85557,,13677,"Relative Values","MILBURN, CHRISTOPHER",2014-01-16
1101097,BL85558,,489146,"AfterLife ( DVD )","Peebles,Alison",2014-01-05
1101101,BL85559,,469254,"United 93  (DVD)","Greengrass, Paul ",2014-01-18
1101106,BL85498,,489130,"Goth Cruise (DVD)","Finlay,  Jeanie",2013-12-22
1101108,BL85567,,489119,"The Virgin and the Gypsy (DVD)","Miles,Christopher",2014-01-30
1101110,bl85568,,474700,"Diary of a Wimpy Kid: Rodrick Rules","Bowers,David",2014-01-25
1101121,BL85499,,489221,"All In The Game (DVD)","O'Hanlon,  Jim ",2014-01-05
1101124,bl85570,,489295,"Doctor At Large (DVD)","Thomas,  Ralph  ",2014-02-02
1101125,bl85571,,486191,"The Comedy of Errors (dvd)","Jones,James Cellan",2014-01-05
1101129,bl85572,,490578,"The Men Who Stare at Goats (dvd)","Heslov,Grant",2013-12-26
1101131,bl85573,,490522,"And When Did You Last See Your Father? (dvd)","Tucker,Anand",2014-01-15
1101133,bl85574,,489301,"Notes on a Scandal  (DVD)","Eyre, Richard",2014-01-21
1101145,bl85577,,489338,"In Search of Beethoven (DVD)",,2014-01-11
1101149,bl85578,,489292,"In Search of Mozart (DVD)","Grabsky,Phil",2014-01-11
1101157,bl85580,,486672,"Henry IV Part 1 (dvd)","Giles,David",2014-02-02
1101165,BL85588,,489153,"Breaking and Entering (DVD)","Minghella, Anthony ",2013-12-24
1101168,BL85590,,486258,"Tickets (dvd)","Loach,Ken",2014-01-17
1101171,BL85592,,490519,"The No. 1 Ladies' Detective Agency (dvd)","Sturridge,Charles",2014-01-22
1101172,BL85593,,454575,"In This World (DVD)","Winterbottom,Michael",2014-01-25
1101173,BL85504,,489224,"Atonement (DVD)","Wright, Joe ",2014-01-07
1101175,BL85594,,474705,"Foster ","Newman,Jonathan",2014-01-19
1101176,BL85506,,489284,"Bloody Sunday (DVD)","Greengrass, Paul",2013-12-26
1101178,BL85507,,489193,"The Age of Stupid (DVD)",,2014-01-05
1101184,BL85597,,443169,"The Nature Of Britain (DVD)",,2014-02-01
1101189,BL85599,,454571,"Gnomeo & Juliet (DVD)","Asbury,Kelly",2014-01-19
1101191,BL85600,,486262,"Unrelated (dvd)","Hogg,Joanna",2014-02-01
1101200,bl85581,,474693,"Cosmopolis ","Cronenberg,David",2014-02-01
1101209,bl85585,,486183,"Henry IV Part 2 (dvd)","Giles,David",2014-02-02
1101804,BL85438,,486203,"Jude (DVD)","Winterbottom,  Michael ",2014-01-19
1102230,BL85404,,492402,"Black Narcissus",,2014-01-12
1102250,BL85515,,489226,"Pride & Prejudice (DVD)","Wright, Joe",2014-01-21
1102252,BL85517,,489254,"Layer Cake (DVD)","Vaughn,  Matthew ",2014-01-15
1102253,BL85518,,489117,"Red Road (DVD)","Arnold,Andrea",2014-01-19
1102257,BL85605,,489162,"Starsuckers (DVD)","Atkins,Chris",2014-01-11
1102259,BL85607,,486216,"Code 46 (DVD)"," Winterbottom, Michael ",2013-12-27
1102262,BL85611,,449156,"Girl with a Pearl Earring (DVD)","Webber,Peter",2014-01-21
1102264,BL85613,,489244,"Shirley Valentine (DVD)","Gilbert, Lewis",2013-12-27
1102266,BL85614,,486260,"Trishna (dvd)","Winterbottom,  Michael ",2014-01-21
1102269,BL85617,,489132,"Two Men Went to War (DVD)","Henderson,John",2014-01-18
1102272,BL85620,,467554,"Monty Python And The Holy Grail (DVD)","Gilliam,  Terry  ",2014-02-02
1102273,BL85621,,489155,"Ill Manors (DVD)","Drew,Ben",2014-01-21
1102276,BL85624,,489262,"Code 46 (DVD)"," Winterbottom, Michael ",2014-01-18
1102278,BL85626,,486226,"How We Built Britain (2007 ) (dvd)","Claypole,Jonty",2014-01-21
1102285,BL85628,,510802,"Personal Best (dvd)","""Blair,Sam""",2014-01-04
1102424,BL85616,,446792,"A Foreign Field, 1 Disc",,2014-01-15
1102452,BL85610,,474370,"127 Hours (DVD)","Boyle,Danny",2014-01-15
1102465,bl85406,,102676,Miranda,,2014-01-04
1103475,BL85319,,510785,"Love Me Still (dvd)","""Hiller,Danny""",2014-01-25
1103695,BL85602,,489122,"Just Do It: A Tale of Modern-day Outlaws  (DVD)","James,Emily",2014-01-05
1108005,bl85780,,514685,Hugo,"""Scorsese,Martin """,2014-01-31
